CLASSIC,136.0,31.0,10.5,0.9700374531835206
CLASSIC,225.33333333333331,31.0,10.5,0.9850187265917603
CLASSIC,136.0,50.33333333333333,10.5,0.9775280898876404
CLASSIC,136.0,11.666666666666668,10.5,0.8876404494382022
CLASSIC,136.0,31.0,16.166666666666664,0.9775280898876404
CLASSIC,136.0,31.0,4.833333333333334,0.9213483146067416
CLASSIC,46.66666666666667,31.0,10.5,0.8576779026217228
CLASSIC,46.66666666666667,50.33333333333333,10.5,1.0
CLASSIC,46.66666666666667,31.0,16.166666666666664,0.850187265917603
CLASSIC,46.66666666666667,31.0,4.833333333333334,0.7303370786516854
CLASSIC,46.66666666666667,11.666666666666668,10.5,0.7303370786516854
CLASSIC,46.66666666666667,11.666666666666668,16.166666666666664,0.7640449438202247
CLASSIC,225.33333333333331,50.33333333333333,10.5,0.9850187265917603
CLASSIC,225.33333333333331,11.666666666666668,10.5,0.9850187265917603
CLASSIC,225.33333333333331,31.0,16.166666666666664,0.9850187265917603
CLASSIC,225.33333333333331,31.0,4.833333333333334,0.9737827715355806
CLASSIC,76.44444444444444,11.666666666666668,4.833333333333334,0.6966292134831461
CLASSIC,16.888888888888896,11.666666666666668,4.833333333333334,0.850187265917603
CLASSIC,46.66666666666667,18.11111111111111,4.833333333333334,0.6966292134831461
CLASSIC,46.66666666666667,5.222222222222223,4.833333333333334,0.7827715355805244
CLASSIC,46.66666666666667,11.666666666666668,6.722222222222222,0.700374531835206
CLASSIC,46.66666666666667,11.666666666666668,2.9444444444444446,0.7640449438202247
CLASSIC,136.0,11.666666666666668,16.166666666666664,0.9176029962546817
CLASSIC,136.0,11.666666666666668,4.833333333333334,0.8014981273408239
CLASSIC,46.66666666666667,11.666666666666668,4.833333333333334,0.6928838951310862
CLASSIC,56.592592592592595,11.666666666666668,4.833333333333334,0.704119850187266
CLASSIC,36.74074074074075,11.666666666666668,4.833333333333334,0.7640449438202247
CLASSIC,46.66666666666667,13.814814814814817,4.833333333333334,0.7565543071161048
CLASSIC,46.66666666666667,9.518518518518519,4.833333333333334,0.700374531835206
CLASSIC,46.66666666666667,11.666666666666668,5.462962962962964,0.6928838951310862
CLASSIC,46.66666666666667,11.666666666666668,4.203703703703704,0.7116104868913857
CLASSIC,76.44444444444444,18.11111111111111,4.833333333333334,0.7640449438202247
CLASSIC,76.44444444444444,5.222222222222223,4.833333333333334,0.6816479400749064
CLASSIC,76.44444444444444,11.666666666666668,6.722222222222222,0.704119850187266
CLASSIC,76.44444444444444,31.0,4.833333333333334,0.8239700374531835
CLASSIC,16.888888888888896,31.0,4.833333333333334,1.0
CLASSIC,46.66666666666667,37.44444444444445,4.833333333333334,0.7865168539325843
CLASSIC,46.66666666666667,24.555555555555557,4.833333333333334,0.7265917602996255
CLASSIC,46.66666666666667,31.0,6.722222222222222,0.7602996254681648
CLASSIC,46.66666666666667,31.0,2.9444444444444446,0.7677902621722846
CLASSIC,225.33333333333331,50.33333333333333,4.833333333333334,0.9850187265917603
CLASSIC,225.33333333333331,11.666666666666668,4.833333333333334,0.8764044943820225
CLASSIC,76.44444444444444,18.11111111111111,2.9444444444444446,0.7228464419475655
CLASSIC,76.44444444444444,5.222222222222223,2.9444444444444446,0.7640449438202247
CLASSIC,76.44444444444444,11.666666666666668,10.5,0.7865168539325843
CLASSIC,16.888888888888896,11.666666666666668,10.5,0.7677902621722846
CLASSIC,46.66666666666667,18.11111111111111,10.5,0.7640449438202247
CLASSIC,46.66666666666667,5.222222222222223,10.5,0.6779026217228464
CLASSIC,46.66666666666667,11.666666666666668,12.38888888888889,0.7453183520599251
CLASSIC,46.66666666666667,11.666666666666668,8.61111111111111,0.7565543071161048
CLASSIC,136.0,50.33333333333333,16.166666666666664,0.9850187265917603
CLASSIC,136.0,50.33333333333333,4.833333333333334,0.9588014981273408
CLASSIC,76.44444444444444,11.666666666666668,2.9444444444444446,0.651685393258427
CLASSIC,86.37037037037037,11.666666666666668,2.9444444444444446,0.6591760299625468
CLASSIC,76.44444444444444,13.814814814814817,2.9444444444444446,0.6816479400749064
CLASSIC,76.44444444444444,9.518518518518519,2.9444444444444446,0.6441947565543071
CLASSIC,76.44444444444444,11.666666666666668,3.5740740740740744,0.7116104868913857
CLASSIC,76.44444444444444,11.666666666666668,2.3148148148148153,0.9325842696629213
CLASSIC,76.44444444444444,5.222222222222223,10.5,0.6853932584269663
CLASSIC,16.888888888888896,5.222222222222223,10.5,0.8539325842696629
CLASSIC,46.66666666666667,5.222222222222223,12.38888888888889,0.6891385767790262
CLASSIC,46.66666666666667,5.222222222222223,8.61111111111111,0.7191011235955056
CLASSIC,225.33333333333331,50.33333333333333,16.166666666666664,0.9850187265917603
CLASSIC,225.33333333333331,11.666666666666668,16.166666666666664,0.9850187265917603
CLASSIC,66.51851851851852,11.666666666666668,2.9444444444444446,0.6367041198501873
CLASSIC,66.51851851851852,13.814814814814817,2.9444444444444446,0.6853932584269663
CLASSIC,66.51851851851852,11.666666666666668,3.5740740740740744,0.6966292134831461
CLASSIC,66.51851851851852,11.666666666666668,2.3148148148148153,0.8913857677902621
CLASSIC,76.44444444444444,5.222222222222223,12.38888888888889,0.704119850187266
CLASSIC,76.44444444444444,5.222222222222223,8.61111111111111,0.7191011235955056
CLASSIC,76.44444444444444,24.555555555555557,4.833333333333334,0.8052434456928839
CLASSIC,16.888888888888896,24.555555555555557,4.833333333333334,1.0
CLASSIC,46.66666666666667,24.555555555555557,6.722222222222222,0.7902621722846442
CLASSIC,46.66666666666667,24.555555555555557,2.9444444444444446,0.6966292134831461
CLASSIC,76.44444444444444,11.666666666666668,16.166666666666664,0.8389513108614233
CLASSIC,16.888888888888896,11.666666666666668,16.166666666666664,0.7602996254681648
CLASSIC,46.66666666666667,18.11111111111111,16.166666666666664,0.8202247191011236
CLASSIC,46.66666666666667,5.222222222222223,16.166666666666664,0.7153558052434457
CLASSIC,46.66666666666667,11.666666666666668,18.055555555555554,0.7490636704119851
CLASSIC,46.66666666666667,11.666666666666668,14.277777777777775,0.7490636704119851
CLASSIC,46.66666666666667,50.33333333333333,16.166666666666664,1.0
CLASSIC,46.66666666666667,50.33333333333333,4.833333333333334,1.0
CLASSIC,66.51851851851852,9.518518518518519,3.5740740740740744,0.704119850187266
CLASSIC,66.51851851851852,9.518518518518519,2.3148148148148153,0.8614232209737828
CLASSIC,76.44444444444444,5.222222222222223,16.166666666666664,0.7078651685393258
CLASSIC,16.888888888888896,5.222222222222223,16.166666666666664,0.8651685393258427
CLASSIC,46.66666666666667,5.222222222222223,18.055555555555554,0.6891385767790262
CLASSIC,46.66666666666667,5.222222222222223,14.277777777777775,0.7153558052434457
CLASSIC,165.7777777777778,11.666666666666668,4.833333333333334,0.7865168539325843
CLASSIC,106.22222222222223,11.666666666666668,4.833333333333334,0.7415730337078652
CLASSIC,136.0,18.11111111111111,4.833333333333334,0.8202247191011236
CLASSIC,136.0,5.222222222222223,4.833333333333334,0.6853932584269663
CLASSIC,136.0,11.666666666666668,6.722222222222222,0.797752808988764
CLASSIC,136.0,11.666666666666668,2.9444444444444446,0.6741573033707865
CLASSIC,66.51851851851852,9.518518518518519,2.9444444444444446,0.6217228464419475
CLASSIC,63.20987654320988,9.518518518518519,2.9444444444444446,0.6779026217228464
CLASSIC,66.51851851851852,10.23456790123457,2.9444444444444446,0.6217228464419475
CLASSIC,66.51851851851852,8.80246913580247,2.9444444444444446,0.6928838951310862
CLASSIC,66.51851851851852,9.518518518518519,3.1543209876543212,0.6217228464419475
CLASSIC,66.51851851851852,9.518518518518519,2.734567901234568,0.6217228464419475
CLASSIC,165.7777777777778,11.666666666666668,2.9444444444444446,0.6441947565543071
CLASSIC,106.22222222222223,11.666666666666668,2.9444444444444446,0.6779026217228464
CLASSIC,136.0,18.11111111111111,2.9444444444444446,0.7640449438202247
CLASSIC,136.0,5.222222222222223,2.9444444444444446,0.7453183520599251
CLASSIC,76.44444444444444,31.0,16.166666666666664,0.9101123595505618
CLASSIC,16.888888888888896,31.0,16.166666666666664,1.0
CLASSIC,46.66666666666667,37.44444444444445,16.166666666666664,0.8913857677902621
CLASSIC,46.66666666666667,24.555555555555557,16.166666666666664,0.8352059925093633
CLASSIC,46.66666666666667,31.0,18.055555555555554,0.8913857677902621
CLASSIC,46.66666666666667,31.0,14.277777777777775,0.8202247191011236
CLASSIC,69.82716049382717,8.80246913580247,2.9444444444444446,0.6666666666666666
CLASSIC,69.82716049382717,9.518518518518519,3.1543209876543212,0.599250936329588
CLASSIC,69.82716049382717,9.518518518518519,2.734567901234568,0.599250936329588
CLASSIC,165.7777777777778,18.11111111111111,2.9444444444444446,0.7602996254681648
CLASSIC,165.7777777777778,5.222222222222223,2.9444444444444446,0.7228464419475655
CLASSIC,76.44444444444444,31.0,10.5,0.8726591760299626
CLASSIC,16.888888888888896,31.0,10.5,1.0
CLASSIC,46.66666666666667,37.44444444444445,10.5,0.8539325842696629
CLASSIC,46.66666666666667,24.555555555555557,10.5,0.7940074906367042
CLASSIC,46.66666666666667,31.0,12.38888888888889,0.8089887640449438
CLASSIC,46.66666666666667,31.0,8.61111111111111,0.8389513108614233
CLASSIC,69.82716049382717,9.518518518518519,2.9444444444444446,0.599250936329588
CLASSIC,69.82716049382717,10.23456790123457,3.1543209876543212,0.599250936329588
CLASSIC,69.82716049382717,10.23456790123457,2.734567901234568,0.599250936329588
CLASSIC,106.22222222222223,18.11111111111111,2.9444444444444446,0.7415730337078652
CLASSIC,106.22222222222223,5.222222222222223,2.9444444444444446,0.7752808988764045
CLASSIC,76.44444444444444,18.11111111111111,10.5,0.8164794007490637
CLASSIC,16.888888888888896,18.11111111111111,10.5,1.0
CLASSIC,46.66666666666667,18.11111111111111,12.38888888888889,0.7790262172284644
CLASSIC,46.66666666666667,18.11111111111111,8.61111111111111,0.7640449438202247
CLASSIC,255.11111111111111,11.666666666666668,4.833333333333334,0.947565543071161
CLASSIC,195.55555555555551,11.666666666666668,4.833333333333334,0.8614232209737828
CLASSIC,225.33333333333331,18.11111111111111,4.833333333333334,0.9625468164794008
CLASSIC,225.33333333333331,5.222222222222223,4.833333333333334,0.7228464419475655
CLASSIC,225.33333333333331,11.666666666666668,6.722222222222222,0.9438202247191011
CLASSIC,225.33333333333331,11.666666666666668,2.9444444444444446,0.7865168539325843
CLASSIC,69.82716049382717,10.23456790123457,2.9444444444444446,0.599250936329588
CLASSIC,68.72427983539094,9.518518518518519,2.9444444444444446,0.602996254681648
CLASSIC,69.82716049382717,9.757201646090536,2.9444444444444446,0.599250936329588
CLASSIC,69.82716049382717,9.279835390946502,2.9444444444444446,0.6666666666666666
CLASSIC,69.82716049382717,9.518518518518519,3.01440329218107,0.599250936329588
CLASSIC,69.82716049382717,9.518518518518519,2.874485596707819,0.599250936329588
CLASSIC,165.7777777777778,5.222222222222223,4.833333333333334,0.6891385767790262
CLASSIC,106.22222222222223,5.222222222222223,4.833333333333334,0.704119850187266
CLASSIC,255.11111111111111,5.222222222222223,4.833333333333334,0.8164794007490637
CLASSIC,195.55555555555551,5.222222222222223,4.833333333333334,0.704119850187266
CLASSIC,225.33333333333331,5.222222222222223,6.722222222222222,0.7303370786516854
CLASSIC,225.33333333333331,5.222222222222223,2.9444444444444446,0.6853932584269663
CLASSIC,165.7777777777778,11.666666666666668,10.5,0.9026217228464419
CLASSIC,106.22222222222223,11.666666666666668,10.5,0.8539325842696629
CLASSIC,136.0,18.11111111111111,10.5,0.9250936329588015
CLASSIC,136.0,5.222222222222223,10.5,0.6891385767790262
CLASSIC,136.0,11.666666666666668,12.38888888888889,0.9026217228464419
CLASSIC,136.0,11.666666666666668,8.61111111111111,0.8389513108614233
CLASSIC,70.93004115226337,9.279835390946502,2.9444444444444446,0.6479400749063671
CLASSIC,165.7777777777778,5.222222222222223,10.5,0.6928838951310862
CLASSIC,106.22222222222223,5.222222222222223,10.5,0.6367041198501873
CLASSIC,136.0,5.222222222222223,12.38888888888889,0.700374531835206
CLASSIC,136.0,5.222222222222223,8.61111111111111,0.7378277153558053
CLASSIC,165.7777777777778,11.666666666666668,16.166666666666664,0.951310861423221
CLASSIC,106.22222222222223,11.666666666666668,16.166666666666664,0.898876404494382
CLASSIC,136.0,18.11111111111111,16.166666666666664,0.9775280898876404
CLASSIC,136.0,5.222222222222223,16.166666666666664,0.6928838951310862
CLASSIC,136.0,11.666666666666668,18.055555555555554,0.8913857677902621
CLASSIC,136.0,11.666666666666668,14.277777777777775,0.9325842696629213
CLASSIC,106.22222222222223,5.222222222222223,12.38888888888889,0.704119850187266
CLASSIC,106.22222222222223,5.222222222222223,8.61111111111111,0.6779026217228464
CLASSIC,165.7777777777778,5.222222222222223,16.166666666666664,0.6816479400749064
CLASSIC,106.22222222222223,5.222222222222223,16.166666666666664,0.6629213483146067
CLASSIC,136.0,5.222222222222223,18.055555555555554,0.7191011235955056
CLASSIC,136.0,5.222222222222223,14.277777777777775,0.6779026217228464
CLASSIC,165.7777777777778,31.0,4.833333333333334,0.9288389513108615
CLASSIC,106.22222222222223,31.0,4.833333333333334,0.8764044943820225
CLASSIC,136.0,37.44444444444445,4.833333333333334,0.9325842696629213
CLASSIC,136.0,24.555555555555557,4.833333333333334,0.9026217228464419
CLASSIC,136.0,31.0,6.722222222222222,0.9363295880149812
CLASSIC,136.0,31.0,2.9444444444444446,0.8426966292134831
CLASSIC,71.29766803840879,9.518518518518519,2.9444444444444446,0.5955056179775281
CLASSIC,70.56241426611797,9.518518518518519,2.9444444444444446,0.5955056179775281
CLASSIC,70.93004115226337,9.598079561042525,2.9444444444444446,0.5955056179775281
CLASSIC,70.93004115226337,9.438957475994513,2.9444444444444446,0.6479400749063671
CLASSIC,70.93004115226337,9.518518518518519,2.9677640603566533,0.5955056179775281
CLASSIC,70.93004115226337,9.518518518518519,2.9211248285322364,0.5955056179775281
CLASSIC,106.22222222222223,5.222222222222223,18.055555555555554,0.7191011235955056
CLASSIC,106.22222222222223,5.222222222222223,14.277777777777775,0.6666666666666666
CLASSIC,76.44444444444444,37.44444444444445,4.833333333333334,0.8689138576779026
CLASSIC,16.888888888888896,37.44444444444445,4.833333333333334,1.0
CLASSIC,46.66666666666667,37.44444444444445,6.722222222222222,0.8164794007490637
CLASSIC,46.66666666666667,37.44444444444445,2.9444444444444446,0.7415730337078652
CLASSIC,165.7777777777778,50.33333333333333,4.833333333333334,0.9850187265917603
CLASSIC,106.22222222222223,50.33333333333333,4.833333333333334,0.9213483146067416
CLASSIC,136.0,56.77777777777778,4.833333333333334,0.9625468164794008
CLASSIC,136.0,43.88888888888888,4.833333333333334,0.9625468164794008
CLASSIC,136.0,50.33333333333333,6.722222222222222,0.9700374531835206
CLASSIC,136.0,50.33333333333333,2.9444444444444446,0.9138576779026217
CLASSIC,70.93004115226337,9.518518518518519,3.01440329218107,0.5955056179775281
CLASSIC,71.29766803840879,9.757201646090536,2.9444444444444446,0.5955056179775281
CLASSIC,70.56241426611797,9.757201646090536,2.9444444444444446,0.5955056179775281
CLASSIC,70.93004115226337,9.836762688614542,2.9444444444444446,0.5955056179775281
CLASSIC,70.93004115226337,9.67764060356653,2.9444444444444446,0.5955056179775281
CLASSIC,70.93004115226337,9.757201646090536,2.9677640603566533,0.5955056179775281
CLASSIC,70.93004115226337,9.757201646090536,2.9211248285322364,0.5955056179775281
CLASSIC,71.29766803840879,9.518518518518519,3.01440329218107,0.5955056179775281
CLASSIC,70.56241426611797,9.518518518518519,3.01440329218107,0.5955056179775281
CLASSIC,70.93004115226337,9.598079561042525,3.01440329218107,0.5955056179775281
CLASSIC,70.93004115226337,9.438957475994513,3.01440329218107,0.6479400749063671
CLASSIC,70.93004115226337,9.518518518518519,3.037722908093279,0.5955056179775281
CLASSIC,70.93004115226337,9.518518518518519,2.991083676268862,0.5955056179775281
CLASSIC,71.29766803840879,9.518518518518519,2.874485596707819,0.5955056179775281
CLASSIC,70.56241426611797,9.518518518518519,2.874485596707819,0.5955056179775281
CLASSIC,70.93004115226337,9.598079561042525,2.874485596707819,0.5955056179775281
CLASSIC,70.93004115226337,9.438957475994513,2.874485596707819,0.6479400749063671
CLASSIC,70.93004115226337,9.518518518518519,2.8978052126200278,0.5955056179775281
CLASSIC,70.93004115226337,9.518518518518519,2.851165980795611,0.5955056179775281
CLASSIC,71.29766803840879,9.757201646090536,3.01440329218107,0.5955056179775281
CLASSIC,70.56241426611797,9.757201646090536,3.01440329218107,0.5955056179775281
CLASSIC,70.93004115226337,9.836762688614542,3.01440329218107,0.5955056179775281
CLASSIC,70.93004115226337,9.67764060356653,3.01440329218107,0.5955056179775281
CLASSIC,70.93004115226337,9.757201646090536,3.037722908093279,0.5955056179775281
CLASSIC,70.93004115226337,9.757201646090536,2.991083676268862,0.5955056179775281
CLASSIC,71.29766803840879,9.757201646090536,2.874485596707819,0.5955056179775281
CLASSIC,70.56241426611797,9.757201646090536,2.874485596707819,0.5955056179775281
CLASSIC,70.93004115226337,9.836762688614542,2.874485596707819,0.5955056179775281
CLASSIC,70.93004115226337,9.67764060356653,2.874485596707819,0.5955056179775281
CLASSIC,70.93004115226337,9.757201646090536,2.8978052126200278,0.5955056179775281
CLASSIC,70.93004115226337,9.757201646090536,2.851165980795611,0.5955056179775281
CLASSIC,70.93004115226337,10.23456790123457,2.9444444444444446,0.5955056179775281
CLASSIC,68.72427983539094,10.23456790123457,2.9444444444444446,0.602996254681648
CLASSIC,69.82716049382717,10.473251028806587,2.9444444444444446,0.599250936329588
CLASSIC,69.82716049382717,9.995884773662553,2.9444444444444446,0.599250936329588
CLASSIC,69.82716049382717,10.23456790123457,3.01440329218107,0.599250936329588
CLASSIC,69.82716049382717,10.23456790123457,2.874485596707819,0.599250936329588
CLASSIC,70.93004115226337,9.518518518518519,3.1543209876543212,0.5955056179775281
CLASSIC,68.72427983539094,9.518518518518519,3.1543209876543212,0.602996254681648
CLASSIC,69.82716049382717,9.757201646090536,3.1543209876543212,0.599250936329588
CLASSIC,69.82716049382717,9.279835390946502,3.1543209876543212,0.6666666666666666
CLASSIC,69.82716049382717,9.518518518518519,3.2242798353909468,0.599250936329588
CLASSIC,69.82716049382717,9.518518518518519,3.0843621399176957,0.599250936329588
CLASSIC,70.93004115226337,9.518518518518519,2.734567901234568,0.5955056179775281
CLASSIC,68.72427983539094,9.518518518518519,2.734567901234568,0.602996254681648
CLASSIC,69.82716049382717,9.757201646090536,2.734567901234568,0.599250936329588
CLASSIC,69.82716049382717,9.279835390946502,2.734567901234568,0.6666666666666666
CLASSIC,69.82716049382717,9.518518518518519,2.804526748971194,0.599250936329588
CLASSIC,69.82716049382717,9.518518518518519,2.6646090534979425,0.599250936329588
CLASSIC,70.93004115226337,10.23456790123457,3.1543209876543212,0.5955056179775281
CLASSIC,68.72427983539094,10.23456790123457,3.1543209876543212,0.602996254681648
CLASSIC,69.82716049382717,10.473251028806587,3.1543209876543212,0.599250936329588
CLASSIC,69.82716049382717,9.995884773662553,3.1543209876543212,0.599250936329588
CLASSIC,69.82716049382717,10.23456790123457,3.2242798353909468,0.599250936329588
CLASSIC,69.82716049382717,10.23456790123457,3.0843621399176957,0.599250936329588
CLASSIC,70.93004115226337,10.23456790123457,2.734567901234568,0.5955056179775281
CLASSIC,68.72427983539094,10.23456790123457,2.734567901234568,0.602996254681648
CLASSIC,69.82716049382717,10.473251028806587,2.734567901234568,0.599250936329588
CLASSIC,69.82716049382717,9.995884773662553,2.734567901234568,0.599250936329588
CLASSIC,69.82716049382717,10.23456790123457,2.804526748971194,0.599250936329588
CLASSIC,69.82716049382717,10.23456790123457,2.6646090534979425,0.599250936329588
CLASSIC,116.14814814814815,5.222222222222223,10.5,0.6779026217228464
CLASSIC,96.2962962962963,5.222222222222223,10.5,0.6629213483146067
CLASSIC,106.22222222222223,7.370370370370372,10.5,0.7228464419475655
CLASSIC,106.22222222222223,3.0740740740740757,10.5,0.8951310861423221
CLASSIC,106.22222222222223,5.222222222222223,11.129629629629628,0.6367041198501873
CLASSIC,106.22222222222223,5.222222222222223,9.87037037037037,0.6704119850187266
CLASSIC,165.7777777777778,5.222222222222223,18.055555555555554,0.7415730337078652
CLASSIC,165.7777777777778,5.222222222222223,14.277777777777775,0.7153558052434457
CLASSIC,76.44444444444444,24.555555555555557,10.5,0.8876404494382022
CLASSIC,16.888888888888896,24.555555555555557,10.5,1.0
CLASSIC,46.66666666666667,24.555555555555557,12.38888888888889,0.8014981273408239
CLASSIC,46.66666666666667,24.555555555555557,8.61111111111111,0.7640449438202247
CLASSIC,165.7777777777778,31.0,10.5,0.9850187265917603
CLASSIC,106.22222222222223,31.0,10.5,0.9250936329588015
CLASSIC,136.0,37.44444444444445,10.5,0.9850187265917603
CLASSIC,136.0,24.555555555555557,10.5,0.9550561797752809
CLASSIC,136.0,31.0,12.38888888888889,0.9700374531835206
CLASSIC,136.0,31.0,8.61111111111111,0.9550561797752809
CLASSIC,70.93004115226337,9.518518518518519,2.874485596707819,0.5955056179775281
CLASSIC,70.93004115226337,10.473251028806587,2.9444444444444446,0.5955056179775281
CLASSIC,70.93004115226337,9.995884773662553,2.9444444444444446,0.5955056179775281
CLASSIC,70.93004115226337,10.23456790123457,3.01440329218107,0.5955056179775281
CLASSIC,70.93004115226337,10.23456790123457,2.874485596707819,0.5955056179775281
CLASSIC,255.11111111111111,5.222222222222223,2.9444444444444446,0.7752808988764045
CLASSIC,195.55555555555551,5.222222222222223,2.9444444444444446,0.700374531835206
CLASSIC,165.7777777777778,11.666666666666668,6.722222222222222,0.8689138576779026
CLASSIC,106.22222222222223,11.666666666666668,6.722222222222222,0.7940074906367042
CLASSIC,136.0,18.11111111111111,6.722222222222222,0.8539325842696629
CLASSIC,136.0,5.222222222222223,6.722222222222222,0.6928838951310862
CLASSIC,255.11111111111111,31.0,4.833333333333334,0.9850187265917603
CLASSIC,195.55555555555551,31.0,4.833333333333334,0.9625468164794008
CLASSIC,225.33333333333331,37.44444444444445,4.833333333333334,0.9775280898876404
CLASSIC,225.33333333333331,24.555555555555557,4.833333333333334,0.9812734082397003
CLASSIC,225.33333333333331,31.0,6.722222222222222,0.9850187265917603
CLASSIC,225.33333333333331,31.0,2.9444444444444446,0.9700374531835206
CLASSIC,70.93004115226337,9.518518518518519,2.9444444444444446,0.5955056179775281
CLASSIC,70.93004115226337,9.757201646090536,3.1543209876543212,0.5955056179775281
CLASSIC,70.93004115226337,9.279835390946502,3.1543209876543212,0.6479400749063671
CLASSIC,70.93004115226337,9.518518518518519,3.2242798353909468,0.5955056179775281
CLASSIC,70.93004115226337,9.518518518518519,3.0843621399176957,0.5955056179775281
CLASSIC,76.44444444444444,5.222222222222223,18.055555555555554,0.7116104868913857
CLASSIC,16.888888888888896,5.222222222222223,18.055555555555554,0.850187265917603
CLASSIC,76.44444444444444,18.11111111111111,16.166666666666664,0.8876404494382022
CLASSIC,16.888888888888896,18.11111111111111,16.166666666666664,1.0
CLASSIC,46.66666666666667,18.11111111111111,18.055555555555554,0.7827715355805244
CLASSIC,46.66666666666667,18.11111111111111,14.277777777777775,0.7827715355805244
CLASSIC,165.7777777777778,31.0,16.166666666666664,0.9850187265917603
CLASSIC,106.22222222222223,31.0,16.166666666666664,0.9363295880149812
CLASSIC,136.0,37.44444444444445,16.166666666666664,0.9850187265917603
CLASSIC,136.0,24.555555555555557,16.166666666666664,0.9850187265917603
CLASSIC,136.0,31.0,18.055555555555554,0.9850187265917603
CLASSIC,136.0,31.0,14.277777777777775,0.9737827715355806
CLASSIC,70.93004115226337,9.757201646090536,3.01440329218107,0.5955056179775281
CLASSIC,70.93004115226337,9.757201646090536,2.734567901234568,0.5955056179775281
CLASSIC,70.93004115226337,9.279835390946502,2.734567901234568,0.6479400749063671
CLASSIC,70.93004115226337,9.518518518518519,2.804526748971194,0.5955056179775281
CLASSIC,70.93004115226337,9.518518518518519,2.6646090534979425,0.5955056179775281
CLASSIC,165.7777777777778,5.222222222222223,12.38888888888889,0.700374531835206
CLASSIC,165.7777777777778,5.222222222222223,8.61111111111111,0.6554307116104869
CLASSIC,165.7777777777778,5.222222222222223,6.722222222222222,0.6891385767790262
CLASSIC,106.22222222222223,5.222222222222223,6.722222222222222,0.6853932584269663
CLASSIC,76.44444444444444,31.0,14.277777777777775,0.9363295880149812
CLASSIC,16.888888888888896,31.0,14.277777777777775,1.0
CLASSIC,46.66666666666667,37.44444444444445,14.277777777777775,0.8576779026217228
CLASSIC,46.66666666666667,24.555555555555557,14.277777777777775,0.8614232209737828
CLASSIC,165.7777777777778,50.33333333333333,10.5,0.9850187265917603
CLASSIC,106.22222222222223,50.33333333333333,10.5,0.9775280898876404
CLASSIC,136.0,56.77777777777778,10.5,0.9850187265917603
CLASSIC,136.0,43.88888888888888,10.5,0.9775280898876404
CLASSIC,136.0,50.33333333333333,12.38888888888889,0.9850187265917603
CLASSIC,136.0,50.33333333333333,8.61111111111111,0.9850187265917603
CLASSIC,70.93004115226337,9.757201646090536,2.874485596707819,0.5955056179775281
CLASSIC,70.93004115226337,10.473251028806587,3.1543209876543212,0.5955056179775281
CLASSIC,70.93004115226337,9.995884773662553,3.1543209876543212,0.5955056179775281
CLASSIC,70.93004115226337,10.23456790123457,3.2242798353909468,0.5955056179775281
CLASSIC,70.93004115226337,10.23456790123457,3.0843621399176957,0.5955056179775281
CLASSIC,175.7037037037037,11.666666666666668,2.9444444444444446,0.6479400749063671
CLASSIC,155.85185185185188,11.666666666666668,2.9444444444444446,0.6329588014981273
CLASSIC,165.7777777777778,13.814814814814817,2.9444444444444446,0.7116104868913857
CLASSIC,165.7777777777778,9.518518518518519,2.9444444444444446,0.6591760299625468
CLASSIC,165.7777777777778,11.666666666666668,3.5740740740740744,0.7490636704119851
CLASSIC,165.7777777777778,11.666666666666668,2.3148148148148153,0.8764044943820225
CLASSIC,76.44444444444444,24.555555555555557,2.9444444444444446,0.7303370786516854
CLASSIC,16.888888888888896,24.555555555555557,2.9444444444444446,1.0
CLASSIC,165.7777777777778,31.0,2.9444444444444446,0.8876404494382022
CLASSIC,106.22222222222223,31.0,2.9444444444444446,0.8127340823970037
CLASSIC,136.0,37.44444444444445,2.9444444444444446,0.8951310861423221
CLASSIC,136.0,24.555555555555557,2.9444444444444446,0.8127340823970037
CLASSIC,255.11111111111111,31.0,10.5,0.9850187265917603
CLASSIC,195.55555555555551,31.0,10.5,0.9850187265917603
CLASSIC,225.33333333333331,37.44444444444445,10.5,0.9850187265917603
CLASSIC,225.33333333333331,24.555555555555557,10.5,0.9850187265917603
CLASSIC,225.33333333333331,31.0,12.38888888888889,0.9850187265917603
CLASSIC,225.33333333333331,31.0,8.61111111111111,0.9850187265917603
CLASSIC,255.11111111111111,11.666666666666668,16.166666666666664,0.9850187265917603
CLASSIC,195.55555555555551,11.666666666666668,16.166666666666664,0.9850187265917603
CLASSIC,225.33333333333331,18.11111111111111,16.166666666666664,0.9850187265917603
CLASSIC,225.33333333333331,5.222222222222223,16.166666666666664,0.7677902621722846
CLASSIC,225.33333333333331,11.666666666666668,18.055555555555554,0.9850187265917603
CLASSIC,225.33333333333331,11.666666666666668,14.277777777777775,0.9775280898876404
CLASSIC,70.93004115226337,9.757201646090536,2.9444444444444446,0.5955056179775281
EXACT,136.0,31.0,10.5,0.9176029962546817
EXACT,225.33333333333331,31.0,10.5,0.9850187265917603
EXACT,136.0,50.33333333333333,10.5,0.9550561797752809
EXACT,136.0,11.666666666666668,10.5,0.7940074906367042
EXACT,136.0,31.0,16.166666666666664,0.9550561797752809
EXACT,136.0,31.0,4.833333333333334,0.8127340823970037
EXACT,46.66666666666667,31.0,10.5,0.7790262172284644
EXACT,46.66666666666667,50.33333333333333,10.5,1.0
EXACT,46.66666666666667,11.666666666666668,10.5,0.704119850187266
EXACT,46.66666666666667,31.0,16.166666666666664,0.7940074906367042
EXACT,46.66666666666667,31.0,4.833333333333334,0.6966292134831461
EXACT,46.66666666666667,50.33333333333333,4.833333333333334,1.0
EXACT,225.33333333333331,50.33333333333333,10.5,0.9850187265917603
EXACT,225.33333333333331,11.666666666666668,10.5,0.947565543071161
EXACT,225.33333333333331,31.0,16.166666666666664,0.9850187265917603
EXACT,225.33333333333331,31.0,4.833333333333334,0.9550561797752809
EXACT,46.66666666666667,11.666666666666668,4.833333333333334,0.6891385767790262
EXACT,76.44444444444444,11.666666666666668,4.833333333333334,0.651685393258427
EXACT,16.888888888888896,11.666666666666668,4.833333333333334,0.898876404494382
EXACT,46.66666666666667,18.11111111111111,4.833333333333334,0.6853932584269663
EXACT,46.66666666666667,5.222222222222223,4.833333333333334,0.8576779026217228
EXACT,46.66666666666667,11.666666666666668,6.722222222222222,0.6928838951310862
EXACT,46.66666666666667,11.666666666666668,2.9444444444444446,0.7940074906367042
EXACT,136.0,11.666666666666668,16.166666666666664,0.850187265917603
EXACT,46.66666666666667,50.33333333333333,16.166666666666664,1.0
EXACT,46.66666666666667,11.666666666666668,16.166666666666664,0.7378277153558053
EXACT,136.0,11.666666666666668,4.833333333333334,0.602996254681648
EXACT,165.7777777777778,11.666666666666668,4.833333333333334,0.6217228464419475
EXACT,106.22222222222223,11.666666666666668,4.833333333333334,0.6292134831460674
EXACT,136.0,18.11111111111111,4.833333333333334,0.7340823970037453
EXACT,136.0,5.222222222222223,4.833333333333334,0.5617977528089888
EXACT,136.0,11.666666666666668,6.722222222222222,0.6891385767790262
EXACT,225.33333333333331,11.666666666666668,16.166666666666664,0.9662921348314607
EXACT,225.33333333333331,11.666666666666668,4.833333333333334,0.651685393258427
EXACT,136.0,11.666666666666668,2.9444444444444446,0.5168539325842697
EXACT,106.22222222222223,11.666666666666668,2.9444444444444446,0.5842696629213483
EXACT,136.0,18.11111111111111,2.9444444444444446,0.5955056179775281
EXACT,136.0,5.222222222222223,2.9444444444444446,0.7116104868913857
EXACT,136.0,50.33333333333333,16.166666666666664,0.9775280898876404
EXACT,136.0,50.33333333333333,4.833333333333334,0.8614232209737828
EXACT,165.7777777777778,18.11111111111111,2.9444444444444446,0.5543071161048689
EXACT,165.7777777777778,5.222222222222223,2.9444444444444446,0.6666666666666666
EXACT,225.33333333333331,50.33333333333333,16.166666666666664,0.9850187265917603
EXACT,225.33333333333331,50.33333333333333,4.833333333333334,0.9737827715355806
EXACT,165.7777777777778,11.666666666666668,2.9444444444444446,0.5093632958801498
EXACT,175.7037037037037,11.666666666666668,2.9444444444444446,0.49063670411985016
EXACT,155.85185185185188,11.666666666666668,2.9444444444444446,0.4868913857677903
EXACT,165.7777777777778,13.814814814814817,2.9444444444444446,0.5168539325842697
EXACT,165.7777777777778,9.518518518518519,2.9444444444444446,0.4868913857677903
EXACT,165.7777777777778,11.666666666666668,3.5740740740740744,0.5168539325842697
EXACT,165.7777777777778,11.666666666666668,2.3148148148148153,0.6142322097378277
EXACT,165.7777777777778,5.222222222222223,4.833333333333334,0.5692883895131086
EXACT,106.22222222222223,5.222222222222223,4.833333333333334,0.6254681647940075
EXACT,255.11111111111111,11.666666666666668,4.833333333333334,0.7940074906367042
EXACT,195.55555555555551,11.666666666666668,4.833333333333334,0.6067415730337079
EXACT,225.33333333333331,18.11111111111111,4.833333333333334,0.8651685393258427
EXACT,225.33333333333331,5.222222222222223,4.833333333333334,0.5655430711610487
EXACT,225.33333333333331,11.666666666666668,6.722222222222222,0.8277153558052435
EXACT,225.33333333333331,11.666666666666668,2.9444444444444446,0.47191011235955055
EXACT,255.11111111111111,11.666666666666668,2.9444444444444446,0.5842696629213483
EXACT,225.33333333333331,18.11111111111111,2.9444444444444446,0.6292134831460674
EXACT,225.33333333333331,5.222222222222223,2.9444444444444446,0.6591760299625468
EXACT,76.44444444444444,31.0,4.833333333333334,0.7865168539325843
EXACT,16.888888888888896,31.0,4.833333333333334,1.0
EXACT,46.66666666666667,37.44444444444445,4.833333333333334,0.7191011235955056
EXACT,46.66666666666667,24.555555555555557,4.833333333333334,0.6853932584269663
EXACT,46.66666666666667,31.0,6.722222222222222,0.7228464419475655
EXACT,46.66666666666667,31.0,2.9444444444444446,0.6891385767790262
EXACT,195.55555555555551,18.11111111111111,2.9444444444444446,0.5917602996254682
EXACT,195.55555555555551,5.222222222222223,2.9444444444444446,0.6441947565543071
EXACT,76.44444444444444,11.666666666666668,10.5,0.7453183520599251
EXACT,16.888888888888896,11.666666666666668,10.5,0.850187265917603
EXACT,46.66666666666667,18.11111111111111,10.5,0.7602996254681648
EXACT,46.66666666666667,5.222222222222223,10.5,0.6891385767790262
EXACT,46.66666666666667,11.666666666666668,12.38888888888889,0.7340823970037453
EXACT,46.66666666666667,11.666666666666668,8.61111111111111,0.700374531835206
EXACT,195.55555555555551,11.666666666666668,2.9444444444444446,0.4419475655430712
EXACT,205.48148148148144,11.666666666666668,2.9444444444444446,0.4606741573033708
EXACT,185.62962962962962,11.666666666666668,2.9444444444444446,0.4606741573033708
EXACT,195.55555555555551,13.814814814814817,2.9444444444444446,0.4756554307116105
EXACT,195.55555555555551,11.666666666666668,3.5740740740740744,0.5243445692883895
EXACT,195.55555555555551,11.666666666666668,2.3148148148148153,0.5880149812734082
EXACT,255.11111111111111,5.222222222222223,4.833333333333334,0.6254681647940075
EXACT,195.55555555555551,5.222222222222223,4.833333333333334,0.5468164794007491
EXACT,76.44444444444444,18.11111111111111,4.833333333333334,0.700374531835206
EXACT,76.44444444444444,5.222222222222223,4.833333333333334,0.6741573033707865
EXACT,76.44444444444444,11.666666666666668,6.722222222222222,0.6966292134831461
EXACT,76.44444444444444,11.666666666666668,2.9444444444444446,0.5767790262172284
EXACT,76.44444444444444,11.666666666666668,16.166666666666664,0.8014981273408239
EXACT,16.888888888888896,11.666666666666668,16.166666666666664,0.797752808988764
EXACT,46.66666666666667,18.11111111111111,16.166666666666664,0.7602996254681648
EXACT,46.66666666666667,5.222222222222223,16.166666666666664,0.6853932584269663
EXACT,46.66666666666667,11.666666666666668,18.055555555555554,0.7265917602996255
EXACT,46.66666666666667,11.666666666666668,14.277777777777775,0.7303370786516854
EXACT,205.48148148148144,9.518518518518519,2.9444444444444446,0.4419475655430712
EXACT,185.62962962962962,9.518518518518519,2.9444444444444446,0.449438202247191
EXACT,195.55555555555551,9.518518518518519,3.5740740740740744,0.46441947565543074
EXACT,195.55555555555551,9.518518518518519,2.3148148148148153,0.599250936329588
EXACT,76.44444444444444,18.11111111111111,2.9444444444444446,0.6329588014981273
EXACT,76.44444444444444,5.222222222222223,2.9444444444444446,0.7602996254681648
EXACT,76.44444444444444,24.555555555555557,4.833333333333334,0.7453183520599251
EXACT,16.888888888888896,24.555555555555557,4.833333333333334,1.0
EXACT,46.66666666666667,24.555555555555557,6.722222222222222,0.7303370786516854
EXACT,46.66666666666667,24.555555555555557,2.9444444444444446,0.6853932584269663
EXACT,76.44444444444444,5.222222222222223,16.166666666666664,0.6591760299625468
EXACT,16.888888888888896,5.222222222222223,16.166666666666664,0.898876404494382
EXACT,46.66666666666667,5.222222222222223,18.055555555555554,0.6928838951310862
EXACT,46.66666666666667,5.222222222222223,14.277777777777775,0.6966292134831461
EXACT,76.44444444444444,31.0,10.5,0.8651685393258427
EXACT,16.888888888888896,31.0,10.5,1.0
EXACT,46.66666666666667,37.44444444444445,10.5,0.7940074906367042
EXACT,46.66666666666667,24.555555555555557,10.5,0.7528089887640449
EXACT,46.66666666666667,31.0,12.38888888888889,0.7453183520599251
EXACT,46.66666666666667,31.0,8.61111111111111,0.7640449438202247
EXACT,195.55555555555551,9.518518518518519,2.9444444444444446,0.4232209737827715
EXACT,192.24691358024685,9.518518518518519,2.9444444444444446,0.45318352059925093
EXACT,195.55555555555551,10.23456790123457,2.9444444444444446,0.4232209737827715
EXACT,195.55555555555551,8.80246913580247,2.9444444444444446,0.4157303370786517
EXACT,195.55555555555551,9.518518518518519,3.1543209876543212,0.4232209737827715
EXACT,195.55555555555551,9.518518518518519,2.734567901234568,0.4232209737827715
EXACT,205.48148148148144,9.518518518518519,3.5740740740740744,0.5243445692883895
EXACT,205.48148148148144,9.518518518518519,2.3148148148148153,0.5880149812734082
EXACT,235.25925925925924,11.666666666666668,2.9444444444444446,0.49063670411985016
EXACT,215.4074074074074,11.666666666666668,2.9444444444444446,0.45318352059925093
EXACT,225.33333333333331,13.814814814814817,2.9444444444444446,0.5318352059925093
EXACT,225.33333333333331,9.518518518518519,2.9444444444444446,0.41947565543071164
EXACT,225.33333333333331,11.666666666666668,3.5740740740740744,0.5655430711610487
EXACT,225.33333333333331,11.666666666666668,2.3148148148148153,0.5168539325842697
EXACT,106.22222222222223,18.11111111111111,2.9444444444444446,0.6067415730337079
EXACT,106.22222222222223,5.222222222222223,2.9444444444444446,0.7191011235955056
EXACT,255.11111111111111,18.11111111111111,2.9444444444444446,0.7415730337078652
EXACT,255.11111111111111,5.222222222222223,2.9444444444444446,0.7490636704119851
EXACT,165.7777777777778,11.666666666666668,6.722222222222222,0.6966292134831461
EXACT,106.22222222222223,11.666666666666668,6.722222222222222,0.6966292134831461
EXACT,136.0,18.11111111111111,6.722222222222222,0.7602996254681648
EXACT,136.0,5.222222222222223,6.722222222222222,0.5842696629213483
EXACT,76.44444444444444,5.222222222222223,10.5,0.6292134831460674
EXACT,16.888888888888896,5.222222222222223,10.5,0.9176029962546817
EXACT,46.66666666666667,5.222222222222223,12.38888888888889,0.6741573033707865
EXACT,46.66666666666667,5.222222222222223,8.61111111111111,0.7153558052434457
EXACT,76.44444444444444,31.0,16.166666666666664,0.9063670411985019
EXACT,16.888888888888896,31.0,16.166666666666664,1.0
EXACT,46.66666666666667,37.44444444444445,16.166666666666664,0.8202247191011236
EXACT,46.66666666666667,24.555555555555557,16.166666666666664,0.7790262172284644
EXACT,46.66666666666667,31.0,18.055555555555554,0.850187265917603
EXACT,46.66666666666667,31.0,14.277777777777775,0.7490636704119851
EXACT,198.86419753086417,9.518518518518519,2.9444444444444446,0.41198501872659177
EXACT,198.86419753086417,10.23456790123457,2.9444444444444446,0.41198501872659177
EXACT,198.86419753086417,8.80246913580247,2.9444444444444446,0.43820224719101125
EXACT,198.86419753086417,9.518518518518519,3.1543209876543212,0.41198501872659177
EXACT,198.86419753086417,9.518518518518519,2.734567901234568,0.41198501872659177
EXACT,215.4074074074074,9.518518518518519,2.9444444444444446,0.44569288389513106
EXACT,225.33333333333331,9.518518518518519,3.5740740740740744,0.48314606741573035
EXACT,225.33333333333331,9.518518518518519,2.3148148148148153,0.5205992509363296
EXACT,165.7777777777778,5.222222222222223,6.722222222222222,0.5543071161048689
EXACT,106.22222222222223,5.222222222222223,6.722222222222222,0.6217228464419475
EXACT,165.7777777777778,11.666666666666668,10.5,0.8089887640449438
EXACT,106.22222222222223,11.666666666666668,10.5,0.7640449438202247
EXACT,136.0,18.11111111111111,10.5,0.8764044943820225
EXACT,136.0,5.222222222222223,10.5,0.5767790262172284
EXACT,136.0,11.666666666666668,12.38888888888889,0.7940074906367042
EXACT,136.0,11.666666666666668,8.61111111111111,0.704119850187266
EXACT,235.25925925925924,9.518518518518519,3.5740740740740744,0.5168539325842697
EXACT,235.25925925925924,9.518518518518519,2.3148148148148153,0.5205992509363296
EXACT,165.7777777777778,5.222222222222223,10.5,0.5692883895131086
EXACT,106.22222222222223,5.222222222222223,10.5,0.6142322097378277
EXACT,136.0,5.222222222222223,12.38888888888889,0.599250936329588
EXACT,136.0,5.222222222222223,8.61111111111111,0.5730337078651685
EXACT,165.7777777777778,31.0,4.833333333333334,0.8202247191011236
EXACT,106.22222222222223,31.0,4.833333333333334,0.7865168539325843
EXACT,136.0,37.44444444444445,4.833333333333334,0.8352059925093633
EXACT,136.0,24.555555555555557,4.833333333333334,0.7715355805243446
EXACT,136.0,31.0,6.722222222222222,0.8801498127340824
EXACT,136.0,31.0,2.9444444444444446,0.6853932584269663
EXACT,238.56790123456787,9.518518518518519,2.9444444444444446,0.4344569288389513
EXACT,231.95061728395058,9.518518518518519,2.9444444444444446,0.42696629213483145
EXACT,235.25925925925924,8.80246913580247,2.9444444444444446,0.43820224719101125
EXACT,165.7777777777778,5.222222222222223,12.38888888888889,0.5580524344569289
EXACT,165.7777777777778,5.222222222222223,8.61111111111111,0.50187265917603
EXACT,165.7777777777778,31.0,2.9444444444444446,0.704119850187266
EXACT,106.22222222222223,31.0,2.9444444444444446,0.6816479400749064
EXACT,136.0,37.44444444444445,2.9444444444444446,0.7265917602996255
EXACT,136.0,24.555555555555557,2.9444444444444446,0.6891385767790262
EXACT,165.7777777777778,11.666666666666668,16.166666666666664,0.8913857677902621
EXACT,106.22222222222223,11.666666666666668,16.166666666666664,0.8614232209737828
EXACT,136.0,18.11111111111111,16.166666666666664,0.9026217228464419
EXACT,136.0,5.222222222222223,16.166666666666664,0.5917602996254682
EXACT,136.0,11.666666666666668,18.055555555555554,0.8726591760299626
EXACT,136.0,11.666666666666668,14.277777777777775,0.850187265917603
EXACT,238.56790123456787,10.23456790123457,2.9444444444444446,0.4344569288389513
EXACT,231.95061728395058,10.23456790123457,2.9444444444444446,0.42696629213483145
EXACT,235.25925925925924,10.23456790123457,2.734567901234568,0.3970037453183521
EXACT,165.7777777777778,5.222222222222223,16.166666666666664,0.5805243445692884
EXACT,106.22222222222223,5.222222222222223,16.166666666666664,0.6067415730337079
EXACT,136.0,5.222222222222223,18.055555555555554,0.6104868913857678
EXACT,136.0,5.222222222222223,14.277777777777775,0.6142322097378277
EXACT,165.7777777777778,50.33333333333333,4.833333333333334,0.9026217228464419
EXACT,106.22222222222223,50.33333333333333,4.833333333333334,0.850187265917603
EXACT,136.0,56.77777777777778,4.833333333333334,0.8801498127340824
EXACT,136.0,43.88888888888888,4.833333333333334,0.8651685393258427
EXACT,136.0,50.33333333333333,6.722222222222222,0.898876404494382
EXACT,136.0,50.33333333333333,2.9444444444444446,0.7490636704119851
EXACT,235.25925925925924,10.23456790123457,2.9444444444444446,0.3970037453183521
EXACT,238.56790123456787,9.518518518518519,3.1543209876543212,0.4344569288389513
EXACT,231.95061728395058,9.518518518518519,3.1543209876543212,0.42696629213483145
EXACT,165.7777777777778,5.222222222222223,18.055555555555554,0.599250936329588
EXACT,165.7777777777778,5.222222222222223,14.277777777777775,0.5580524344569289
EXACT,76.44444444444444,37.44444444444445,4.833333333333334,0.8202247191011236
EXACT,16.888888888888896,37.44444444444445,4.833333333333334,1.0
EXACT,46.66666666666667,37.44444444444445,6.722222222222222,0.7415730337078652
EXACT,46.66666666666667,37.44444444444445,2.9444444444444446,0.7265917602996255
EXACT,165.7777777777778,31.0,10.5,0.9588014981273408
EXACT,106.22222222222223,31.0,10.5,0.8539325842696629
EXACT,136.0,37.44444444444445,10.5,0.9400749063670412
EXACT,136.0,24.555555555555557,10.5,0.8876404494382022
EXACT,136.0,31.0,12.38888888888889,0.9213483146067416
EXACT,136.0,31.0,8.61111111111111,0.9063670411985019
EXACT,235.25925925925924,9.518518518518519,3.1543209876543212,0.3970037453183521
EXACT,238.56790123456787,9.518518518518519,2.734567901234568,0.4344569288389513
EXACT,231.95061728395058,9.518518518518519,2.734567901234568,0.42696629213483145
EXACT,215.4074074074074,9.518518518518519,3.5740740740740744,0.50187265917603
EXACT,215.4074074074074,9.518518518518519,2.3148148148148153,0.5730337078651685
EXACT,106.22222222222223,5.222222222222223,18.055555555555554,0.6666666666666666
EXACT,106.22222222222223,5.222222222222223,14.277777777777775,0.5917602996254682
EXACT,76.44444444444444,31.0,12.38888888888889,0.8651685393258427
EXACT,16.888888888888896,31.0,12.38888888888889,1.0
EXACT,46.66666666666667,37.44444444444445,12.38888888888889,0.7865168539325843
EXACT,46.66666666666667,24.555555555555557,12.38888888888889,0.7378277153558053
EXACT,255.11111111111111,11.666666666666668,10.5,0.9775280898876404
EXACT,195.55555555555551,11.666666666666668,10.5,0.8876404494382022
EXACT,225.33333333333331,18.11111111111111,10.5,0.9700374531835206
EXACT,225.33333333333331,5.222222222222223,10.5,0.5955056179775281
EXACT,225.33333333333331,11.666666666666668,12.38888888888889,0.9625468164794008
EXACT,225.33333333333331,11.666666666666668,8.61111111111111,0.9101123595505618
EXACT,235.25925925925924,9.518518518518519,2.734567901234568,0.3970037453183521
EXACT,238.56790123456787,10.23456790123457,3.1543209876543212,0.4344569288389513
EXACT,231.95061728395058,10.23456790123457,3.1543209876543212,0.42696629213483145
EXACT,255.11111111111111,5.222222222222223,10.5,0.6853932584269663
EXACT,195.55555555555551,5.222222222222223,10.5,0.5917602996254682
EXACT,225.33333333333331,5.222222222222223,12.38888888888889,0.6067415730337079
EXACT,225.33333333333331,5.222222222222223,8.61111111111111,0.550561797752809
EXACT,165.7777777777778,50.33333333333333,10.5,0.9775280898876404
EXACT,106.22222222222223,50.33333333333333,10.5,0.9400749063670412
EXACT,136.0,56.77777777777778,10.5,0.9700374531835206
EXACT,136.0,43.88888888888888,10.5,0.9550561797752809
EXACT,136.0,50.33333333333333,12.38888888888889,0.9700374531835206
EXACT,136.0,50.33333333333333,8.61111111111111,0.947565543071161
EXACT,165.7777777777778,31.0,16.166666666666664,0.9850187265917603
EXACT,106.22222222222223,31.0,16.166666666666664,0.9176029962546817
EXACT,136.0,37.44444444444445,16.166666666666664,0.9700374531835206
EXACT,136.0,24.555555555555557,16.166666666666664,0.951310861423221
EXACT,136.0,31.0,18.055555555555554,0.9700374531835206
EXACT,136.0,31.0,14.277777777777775,0.947565543071161
EXACT,255.11111111111111,31.0,4.833333333333334,0.9775280898876404
EXACT,195.55555555555551,31.0,4.833333333333334,0.9250936329588015
EXACT,225.33333333333331,37.44444444444445,4.833333333333334,0.9700374531835206
EXACT,225.33333333333331,24.555555555555557,4.833333333333334,0.9250936329588015
EXACT,225.33333333333331,31.0,6.722222222222222,0.9775280898876404
EXACT,225.33333333333331,31.0,2.9444444444444446,0.8426966292134831
EXACT,235.25925925925924,9.518518518518519,2.9444444444444446,0.3970037453183521
EXACT,238.56790123456787,10.23456790123457,2.734567901234568,0.4344569288389513
EXACT,231.95061728395058,10.23456790123457,2.734567901234568,0.42696629213483145
EXACT,255.11111111111111,5.222222222222223,8.61111111111111,0.6254681647940075
EXACT,195.55555555555551,5.222222222222223,8.61111111111111,0.5243445692883895
EXACT,165.7777777777778,50.33333333333333,2.9444444444444446,0.7902621722846442
EXACT,106.22222222222223,50.33333333333333,2.9444444444444446,0.7940074906367042
EXACT,136.0,56.77777777777778,2.9444444444444446,0.7602996254681648
EXACT,136.0,43.88888888888888,2.9444444444444446,0.7565543071161048
EXACT,255.11111111111111,11.666666666666668,16.166666666666664,0.9850187265917603
EXACT,195.55555555555551,11.666666666666668,16.166666666666664,0.9550561797752809
EXACT,225.33333333333331,18.11111111111111,16.166666666666664,0.9850187265917603
EXACT,225.33333333333331,5.222222222222223,16.166666666666664,0.6104868913857678
EXACT,225.33333333333331,11.666666666666668,18.055555555555554,0.9850187265917603
EXACT,225.33333333333331,11.666666666666668,14.277777777777775,0.9775280898876404
EXACT,235.25925925925924,10.23456790123457,3.1543209876543212,0.3970037453183521
NOREDUCTION,136.0,31.0,10.5,0.9176029962546817
NOREDUCTION,225.33333333333331,31.0,10.5,0.9850187265917603
NOREDUCTION,136.0,50.33333333333333,10.5,0.9550561797752809
NOREDUCTION,136.0,11.666666666666668,10.5,0.8089887640449438
NOREDUCTION,136.0,31.0,16.166666666666664,0.9550561797752809
NOREDUCTION,136.0,31.0,4.833333333333334,0.8164794007490637
NOREDUCTION,46.66666666666667,31.0,10.5,0.7865168539325843
NOREDUCTION,46.66666666666667,50.33333333333333,10.5,1.0
NOREDUCTION,46.66666666666667,31.0,16.166666666666664,0.7677902621722846
NOREDUCTION,46.66666666666667,31.0,4.833333333333334,0.7453183520599251
NOREDUCTION,46.66666666666667,11.666666666666668,10.5,0.7453183520599251
NOREDUCTION,46.66666666666667,11.666666666666668,4.833333333333334,0.7715355805243446
NOREDUCTION,225.33333333333331,50.33333333333333,10.5,0.9850187265917603
NOREDUCTION,225.33333333333331,11.666666666666668,10.5,0.947565543071161
NOREDUCTION,225.33333333333331,31.0,16.166666666666664,0.9850187265917603
NOREDUCTION,225.33333333333331,31.0,4.833333333333334,0.9550561797752809
NOREDUCTION,46.66666666666667,11.666666666666668,16.166666666666664,0.7378277153558053
NOREDUCTION,76.44444444444444,11.666666666666668,16.166666666666664,0.8426966292134831
NOREDUCTION,16.888888888888896,11.666666666666668,16.166666666666664,0.8614232209737828
NOREDUCTION,46.66666666666667,18.11111111111111,16.166666666666664,0.7640449438202247
NOREDUCTION,46.66666666666667,5.222222222222223,16.166666666666664,0.7153558052434457
NOREDUCTION,46.66666666666667,11.666666666666668,18.055555555555554,0.7602996254681648
NOREDUCTION,46.66666666666667,11.666666666666668,14.277777777777775,0.7602996254681648
NOREDUCTION,136.0,11.666666666666668,16.166666666666664,0.8539325842696629
NOREDUCTION,136.0,11.666666666666668,4.833333333333334,0.6179775280898876
NOREDUCTION,165.7777777777778,11.666666666666668,4.833333333333334,0.6067415730337079
NOREDUCTION,106.22222222222223,11.666666666666668,4.833333333333334,0.6329588014981273
NOREDUCTION,136.0,18.11111111111111,4.833333333333334,0.7265917602996255
NOREDUCTION,136.0,5.222222222222223,4.833333333333334,0.5243445692883895
NOREDUCTION,136.0,11.666666666666668,6.722222222222222,0.6704119850187266
NOREDUCTION,225.33333333333331,11.666666666666668,16.166666666666664,0.9662921348314607
NOREDUCTION,225.33333333333331,11.666666666666668,4.833333333333334,0.651685393258427
NOREDUCTION,165.7777777777778,11.666666666666668,2.9444444444444446,0.5131086142322098
NOREDUCTION,106.22222222222223,11.666666666666668,2.9444444444444446,0.6479400749063671
NOREDUCTION,136.0,18.11111111111111,2.9444444444444446,0.5955056179775281
NOREDUCTION,136.0,5.222222222222223,2.9444444444444446,0.6816479400749064
NOREDUCTION,136.0,50.33333333333333,16.166666666666664,0.9775280898876404
NOREDUCTION,136.0,50.33333333333333,4.833333333333334,0.8576779026217228
NOREDUCTION,145.92592592592592,11.666666666666668,2.9444444444444446,0.4943820224719101
NOREDUCTION,126.07407407407408,11.666666666666668,2.9444444444444446,0.5468164794007491
NOREDUCTION,136.0,13.814814814814817,2.9444444444444446,0.5543071161048689
NOREDUCTION,136.0,9.518518518518519,2.9444444444444446,0.5393258426966292
NOREDUCTION,136.0,11.666666666666668,3.5740740740740744,0.5655430711610487
NOREDUCTION,136.0,11.666666666666668,2.3148148148148153,0.6853932584269663
NOREDUCTION,165.7777777777778,18.11111111111111,2.9444444444444446,0.5617977528089888
NOREDUCTION,165.7777777777778,5.222222222222223,2.9444444444444446,0.6741573033707865
NOREDUCTION,225.33333333333331,50.33333333333333,16.166666666666664,0.9850187265917603
NOREDUCTION,225.33333333333331,50.33333333333333,4.833333333333334,0.9737827715355806
NOREDUCTION,136.0,11.666666666666668,2.9444444444444446,0.49063670411985016
NOREDUCTION,139.30864197530866,11.666666666666668,2.9444444444444446,0.4756554307116105
NOREDUCTION,132.69135802469137,11.666666666666668,2.9444444444444446,0.5468164794007491
NOREDUCTION,136.0,12.382716049382717,2.9444444444444446,0.49063670411985016
NOREDUCTION,136.0,10.950617283950619,2.9444444444444446,0.5131086142322098
NOREDUCTION,136.0,11.666666666666668,3.1543209876543212,0.49063670411985016
NOREDUCTION,136.0,11.666666666666668,2.734567901234568,0.49063670411985016
NOREDUCTION,145.92592592592592,13.814814814814817,2.9444444444444446,0.5393258426966292
NOREDUCTION,145.92592592592592,9.518518518518519,2.9444444444444446,0.50187265917603
NOREDUCTION,145.92592592592592,11.666666666666668,3.5740740740740744,0.5580524344569289
NOREDUCTION,145.92592592592592,11.666666666666668,2.3148148148148153,0.6666666666666666
NOREDUCTION,165.7777777777778,5.222222222222223,4.833333333333334,0.5955056179775281
NOREDUCTION,106.22222222222223,5.222222222222223,4.833333333333334,0.6104868913857678
NOREDUCTION,255.11111111111111,11.666666666666668,4.833333333333334,0.7940074906367042
NOREDUCTION,195.55555555555551,11.666666666666668,4.833333333333334,0.5880149812734082
NOREDUCTION,225.33333333333331,18.11111111111111,4.833333333333334,0.8651685393258427
NOREDUCTION,225.33333333333331,5.222222222222223,4.833333333333334,0.6067415730337079
NOREDUCTION,225.33333333333331,11.666666666666668,6.722222222222222,0.8277153558052435
NOREDUCTION,46.66666666666667,50.33333333333333,16.166666666666664,1.0
NOREDUCTION,46.66666666666667,50.33333333333333,4.833333333333334,1.0
NOREDUCTION,225.33333333333331,11.666666666666668,2.9444444444444446,0.46441947565543074
NOREDUCTION,255.11111111111111,11.666666666666668,2.9444444444444446,0.5842696629213483
NOREDUCTION,225.33333333333331,18.11111111111111,2.9444444444444446,0.6329588014981273
NOREDUCTION,225.33333333333331,5.222222222222223,2.9444444444444446,0.6816479400749064
NOREDUCTION,76.44444444444444,11.666666666666668,10.5,0.7602996254681648
NOREDUCTION,16.888888888888896,11.666666666666668,10.5,0.8689138576779026
NOREDUCTION,46.66666666666667,18.11111111111111,10.5,0.7865168539325843
NOREDUCTION,46.66666666666667,5.222222222222223,10.5,0.7415730337078652
NOREDUCTION,46.66666666666667,11.666666666666668,12.38888888888889,0.7265917602996255
NOREDUCTION,46.66666666666667,11.666666666666668,8.61111111111111,0.7415730337078652
NOREDUCTION,76.44444444444444,31.0,4.833333333333334,0.8389513108614233
NOREDUCTION,16.888888888888896,31.0,4.833333333333334,1.0
NOREDUCTION,46.66666666666667,37.44444444444445,4.833333333333334,0.7565543071161048
NOREDUCTION,46.66666666666667,24.555555555555557,4.833333333333334,0.700374531835206
NOREDUCTION,46.66666666666667,31.0,6.722222222222222,0.7303370786516854
NOREDUCTION,46.66666666666667,31.0,2.9444444444444446,0.7640449438202247
NOREDUCTION,195.55555555555551,18.11111111111111,2.9444444444444446,0.6142322097378277
NOREDUCTION,195.55555555555551,5.222222222222223,2.9444444444444446,0.6629213483146067
NOREDUCTION,76.44444444444444,31.0,16.166666666666664,0.9101123595505618
NOREDUCTION,16.888888888888896,31.0,16.166666666666664,1.0
NOREDUCTION,46.66666666666667,37.44444444444445,16.166666666666664,0.8539325842696629
NOREDUCTION,46.66666666666667,24.555555555555557,16.166666666666664,0.7752808988764045
NOREDUCTION,46.66666666666667,31.0,18.055555555555554,0.8614232209737828
NOREDUCTION,46.66666666666667,31.0,14.277777777777775,0.7790262172284644
NOREDUCTION,195.55555555555551,11.666666666666668,2.9444444444444446,0.449438202247191
NOREDUCTION,205.48148148148144,11.666666666666668,2.9444444444444446,0.4794007490636704
NOREDUCTION,185.62962962962962,11.666666666666668,2.9444444444444446,0.449438202247191
NOREDUCTION,195.55555555555551,13.814814814814817,2.9444444444444446,0.48314606741573035
NOREDUCTION,195.55555555555551,11.666666666666668,3.5740740740740744,0.5280898876404494
NOREDUCTION,195.55555555555551,11.666666666666668,2.3148148148148153,0.6329588014981273
NOREDUCTION,165.7777777777778,11.666666666666668,6.722222222222222,0.6779026217228464
NOREDUCTION,106.22222222222223,11.666666666666668,6.722222222222222,0.6966292134831461
NOREDUCTION,136.0,18.11111111111111,6.722222222222222,0.7565543071161048
NOREDUCTION,136.0,5.222222222222223,6.722222222222222,0.5430711610486891
NOREDUCTION,76.44444444444444,11.666666666666668,4.833333333333334,0.700374531835206
NOREDUCTION,16.888888888888896,11.666666666666668,4.833333333333334,0.9288389513108615
NOREDUCTION,46.66666666666667,18.11111111111111,4.833333333333334,0.7303370786516854
NOREDUCTION,46.66666666666667,5.222222222222223,4.833333333333334,0.846441947565543
NOREDUCTION,46.66666666666667,11.666666666666668,6.722222222222222,0.7378277153558053
NOREDUCTION,46.66666666666667,11.666666666666668,2.9444444444444446,0.8389513108614233
NOREDUCTION,205.48148148148144,9.518518518518519,2.9444444444444446,0.42696629213483145
NOREDUCTION,185.62962962962962,9.518518518518519,2.9444444444444446,0.45692883895131087
NOREDUCTION,195.55555555555551,9.518518518518519,3.5740740740740744,0.4681647940074906
NOREDUCTION,195.55555555555551,9.518518518518519,2.3148148148148153,0.599250936329588
NOREDUCTION,165.7777777777778,5.222222222222223,6.722222222222222,0.5168539325842697
NOREDUCTION,106.22222222222223,5.222222222222223,6.722222222222222,0.6254681647940075
NOREDUCTION,76.44444444444444,31.0,10.5,0.8726591760299626
NOREDUCTION,16.888888888888896,31.0,10.5,1.0
NOREDUCTION,46.66666666666667,37.44444444444445,10.5,0.797752808988764
NOREDUCTION,46.66666666666667,24.555555555555557,10.5,0.7378277153558053
NOREDUCTION,46.66666666666667,31.0,12.38888888888889,0.7528089887640449
NOREDUCTION,46.66666666666667,31.0,8.61111111111111,0.7865168539325843
NOREDUCTION,195.55555555555551,9.518518518518519,2.9444444444444446,0.4232209737827715
NOREDUCTION,192.24691358024685,9.518518518518519,2.9444444444444446,0.45318352059925093
NOREDUCTION,195.55555555555551,10.23456790123457,2.9444444444444446,0.4232209737827715
NOREDUCTION,195.55555555555551,8.80246913580247,2.9444444444444446,0.40823970037453183
NOREDUCTION,195.55555555555551,9.518518518518519,3.1543209876543212,0.4232209737827715
NOREDUCTION,195.55555555555551,9.518518518518519,2.734567901234568,0.4232209737827715
NOREDUCTION,205.48148148148144,9.518518518518519,3.5740740740740744,0.5355805243445693
NOREDUCTION,205.48148148148144,9.518518518518519,2.3148148148148153,0.6104868913857678
NOREDUCTION,235.25925925925924,11.666666666666668,2.9444444444444446,0.49063670411985016
NOREDUCTION,215.4074074074074,11.666666666666668,2.9444444444444446,0.45692883895131087
NOREDUCTION,225.33333333333331,13.814814814814817,2.9444444444444446,0.5318352059925093
NOREDUCTION,225.33333333333331,9.518518518518519,2.9444444444444446,0.46441947565543074
NOREDUCTION,225.33333333333331,11.666666666666668,3.5740740740740744,0.5655430711610487
NOREDUCTION,225.33333333333331,11.666666666666668,2.3148148148148153,0.5243445692883895
NOREDUCTION,255.11111111111111,18.11111111111111,2.9444444444444446,0.7415730337078652
NOREDUCTION,255.11111111111111,5.222222222222223,2.9444444444444446,0.7677902621722846
NOREDUCTION,76.44444444444444,24.555555555555557,4.833333333333334,0.7865168539325843
NOREDUCTION,16.888888888888896,24.555555555555557,4.833333333333334,1.0
NOREDUCTION,46.66666666666667,24.555555555555557,6.722222222222222,0.7490636704119851
NOREDUCTION,46.66666666666667,24.555555555555557,2.9444444444444446,0.7528089887640449
NOREDUCTION,76.44444444444444,18.11111111111111,4.833333333333334,0.7303370786516854
NOREDUCTION,76.44444444444444,5.222222222222223,4.833333333333334,0.7265917602996255
NOREDUCTION,76.44444444444444,11.666666666666668,6.722222222222222,0.7116104868913857
NOREDUCTION,76.44444444444444,11.666666666666668,2.9444444444444446,0.6741573033707865
NOREDUCTION,165.7777777777778,11.666666666666668,10.5,0.8089887640449438
NOREDUCTION,106.22222222222223,11.666666666666668,10.5,0.7752808988764045
NOREDUCTION,136.0,18.11111111111111,10.5,0.8689138576779026
NOREDUCTION,136.0,5.222222222222223,10.5,0.550561797752809
NOREDUCTION,136.0,11.666666666666668,12.38888888888889,0.7827715355805244
NOREDUCTION,136.0,11.666666666666668,8.61111111111111,0.6966292134831461
NOREDUCTION,198.86419753086417,8.80246913580247,2.9444444444444446,0.44569288389513106
NOREDUCTION,198.86419753086417,9.518518518518519,3.1543209876543212,0.40074906367041196
NOREDUCTION,198.86419753086417,9.518518518518519,2.734567901234568,0.40074906367041196
NOREDUCTION,165.7777777777778,5.222222222222223,10.5,0.5393258426966292
NOREDUCTION,106.22222222222223,5.222222222222223,10.5,0.6292134831460674
NOREDUCTION,136.0,5.222222222222223,12.38888888888889,0.5730337078651685
NOREDUCTION,136.0,5.222222222222223,8.61111111111111,0.5280898876404494
NOREDUCTION,165.7777777777778,31.0,4.833333333333334,0.8202247191011236
NOREDUCTION,106.22222222222223,31.0,4.833333333333334,0.7752808988764045
NOREDUCTION,136.0,37.44444444444445,4.833333333333334,0.8314606741573034
NOREDUCTION,136.0,24.555555555555557,4.833333333333334,0.7640449438202247
NOREDUCTION,136.0,31.0,6.722222222222222,0.8726591760299626
NOREDUCTION,136.0,31.0,2.9444444444444446,0.6816479400749064
NOREDUCTION,198.86419753086417,9.518518518518519,2.9444444444444446,0.40074906367041196
NOREDUCTION,198.86419753086417,10.23456790123457,3.1543209876543212,0.40074906367041196
NOREDUCTION,198.86419753086417,10.23456790123457,2.734567901234568,0.40074906367041196
NOREDUCTION,165.7777777777778,5.222222222222223,8.61111111111111,0.5131086142322098
NOREDUCTION,106.22222222222223,5.222222222222223,8.61111111111111,0.6217228464419475
NOREDUCTION,165.7777777777778,31.0,2.9444444444444446,0.6928838951310862
NOREDUCTION,106.22222222222223,31.0,2.9444444444444446,0.7153558052434457
NOREDUCTION,136.0,37.44444444444445,2.9444444444444446,0.7191011235955056
NOREDUCTION,136.0,24.555555555555557,2.9444444444444446,0.6479400749063671
NOREDUCTION,165.7777777777778,11.666666666666668,16.166666666666664,0.8913857677902621
NOREDUCTION,106.22222222222223,11.666666666666668,16.166666666666664,0.8539325842696629
NOREDUCTION,136.0,18.11111111111111,16.166666666666664,0.9026217228464419
NOREDUCTION,136.0,5.222222222222223,16.166666666666664,0.5767790262172284
NOREDUCTION,136.0,11.666666666666668,18.055555555555554,0.8726591760299626
NOREDUCTION,136.0,11.666666666666668,14.277777777777775,0.846441947565543
NOREDUCTION,198.86419753086417,10.23456790123457,2.9444444444444446,0.40074906367041196
NOREDUCTION,199.9670781893004,9.518518518518519,2.9444444444444446,0.40074906367041196
NOREDUCTION,198.86419753086417,9.757201646090536,2.9444444444444446,0.40074906367041196
NOREDUCTION,198.86419753086417,9.279835390946502,2.9444444444444446,0.44569288389513106
NOREDUCTION,198.86419753086417,9.518518518518519,3.01440329218107,0.40074906367041196
NOREDUCTION,198.86419753086417,9.518518518518519,2.874485596707819,0.40074906367041196
NOREDUCTION,199.9670781893004,10.23456790123457,2.9444444444444446,0.40074906367041196
NOREDUCTION,198.86419753086417,10.473251028806587,2.9444444444444446,0.40074906367041196
NOREDUCTION,198.86419753086417,9.995884773662553,2.9444444444444446,0.40074906367041196
NOREDUCTION,198.86419753086417,10.23456790123457,3.01440329218107,0.40074906367041196
NOREDUCTION,198.86419753086417,10.23456790123457,2.874485596707819,0.40074906367041196
NOREDUCTION,199.9670781893004,9.518518518518519,3.1543209876543212,0.40074906367041196
NOREDUCTION,198.86419753086417,9.757201646090536,3.1543209876543212,0.40074906367041196
NOREDUCTION,198.86419753086417,9.279835390946502,3.1543209876543212,0.44569288389513106
NOREDUCTION,198.86419753086417,9.518518518518519,3.2242798353909468,0.40074906367041196
NOREDUCTION,198.86419753086417,9.518518518518519,3.0843621399176957,0.40074906367041196
NOREDUCTION,199.9670781893004,9.518518518518519,2.734567901234568,0.40074906367041196
NOREDUCTION,198.86419753086417,9.757201646090536,2.734567901234568,0.40074906367041196
NOREDUCTION,198.86419753086417,9.279835390946502,2.734567901234568,0.44569288389513106
NOREDUCTION,198.86419753086417,9.518518518518519,2.804526748971194,0.40074906367041196
NOREDUCTION,198.86419753086417,9.518518518518519,2.6646090534979425,0.40074906367041196
NOREDUCTION,199.9670781893004,10.23456790123457,3.1543209876543212,0.40074906367041196
NOREDUCTION,198.86419753086417,10.473251028806587,3.1543209876543212,0.40074906367041196
NOREDUCTION,198.86419753086417,9.995884773662553,3.1543209876543212,0.40074906367041196
NOREDUCTION,198.86419753086417,10.23456790123457,3.2242798353909468,0.40074906367041196
NOREDUCTION,198.86419753086417,10.23456790123457,3.0843621399176957,0.40074906367041196
NOREDUCTION,199.9670781893004,10.23456790123457,2.734567901234568,0.40074906367041196
NOREDUCTION,198.86419753086417,10.473251028806587,2.734567901234568,0.40074906367041196
NOREDUCTION,198.86419753086417,9.995884773662553,2.734567901234568,0.40074906367041196
NOREDUCTION,198.86419753086417,10.23456790123457,2.804526748971194,0.40074906367041196
NOREDUCTION,198.86419753086417,10.23456790123457,2.6646090534979425,0.40074906367041196
NOREDUCTION,195.55555555555551,8.80246913580247,3.1543209876543212,0.40823970037453183
NOREDUCTION,195.55555555555551,8.80246913580247,2.734567901234568,0.40823970037453183
NOREDUCTION,215.4074074074074,13.814814814814817,2.9444444444444446,0.5093632958801498
NOREDUCTION,215.4074074074074,9.518518518518519,2.9444444444444446,0.42696629213483145
NOREDUCTION,215.4074074074074,11.666666666666668,3.5740740740740744,0.5430711610486891
NOREDUCTION,215.4074074074074,11.666666666666668,2.3148148148148153,0.5280898876404494
NOREDUCTION,175.7037037037037,11.666666666666668,2.9444444444444446,0.4681647940074906
NOREDUCTION,155.85185185185188,11.666666666666668,2.9444444444444446,0.50187265917603
NOREDUCTION,165.7777777777778,13.814814814814817,2.9444444444444446,0.5131086142322098
NOREDUCTION,165.7777777777778,9.518518518518519,2.9444444444444446,0.49812734082397003
NOREDUCTION,165.7777777777778,11.666666666666668,3.5740740740740744,0.5280898876404494
NOREDUCTION,165.7777777777778,11.666666666666668,2.3148148148148153,0.6254681647940075
NOREDUCTION,175.7037037037037,5.222222222222223,8.61111111111111,0.5318352059925093
NOREDUCTION,155.85185185185188,5.222222222222223,8.61111111111111,0.5355805243445693
NOREDUCTION,165.7777777777778,7.370370370370372,8.61111111111111,0.5842696629213483
NOREDUCTION,165.7777777777778,3.0740740740740757,8.61111111111111,0.8389513108614233
NOREDUCTION,165.7777777777778,5.222222222222223,9.24074074074074,0.5131086142322098
NOREDUCTION,165.7777777777778,5.222222222222223,7.981481481481482,0.4868913857677903
NOREDUCTION,165.7777777777778,5.222222222222223,16.166666666666664,0.5880149812734082
NOREDUCTION,106.22222222222223,5.222222222222223,16.166666666666664,0.6404494382022472
NOREDUCTION,136.0,5.222222222222223,18.055555555555554,0.5805243445692884
NOREDUCTION,136.0,5.222222222222223,14.277777777777775,0.5692883895131086
NOREDUCTION,165.7777777777778,50.33333333333333,4.833333333333334,0.9026217228464419
NOREDUCTION,106.22222222222223,50.33333333333333,4.833333333333334,0.8689138576779026
NOREDUCTION,136.0,56.77777777777778,4.833333333333334,0.8726591760299626
NOREDUCTION,136.0,43.88888888888888,4.833333333333334,0.8651685393258427
NOREDUCTION,136.0,50.33333333333333,6.722222222222222,0.898876404494382
NOREDUCTION,136.0,50.33333333333333,2.9444444444444446,0.7378277153558053
NOREDUCTION,197.76131687242798,9.518518518518519,2.9444444444444446,0.3895131086142322
NOREDUCTION,197.76131687242798,9.757201646090536,2.9444444444444446,0.3895131086142322
NOREDUCTION,197.76131687242798,9.279835390946502,2.9444444444444446,0.4232209737827715
NOREDUCTION,197.76131687242798,9.518518518518519,3.01440329218107,0.3895131086142322
NOREDUCTION,197.76131687242798,9.518518518518519,2.874485596707819,0.3895131086142322
NOREDUCTION,197.76131687242798,10.473251028806587,2.9444444444444446,0.3895131086142322
NOREDUCTION,197.76131687242798,9.995884773662553,2.9444444444444446,0.3895131086142322
NOREDUCTION,197.76131687242798,10.23456790123457,3.01440329218107,0.3895131086142322
NOREDUCTION,197.76131687242798,10.23456790123457,2.874485596707819,0.3895131086142322
NOREDUCTION,197.76131687242798,9.757201646090536,3.1543209876543212,0.3895131086142322
NOREDUCTION,197.76131687242798,9.279835390946502,3.1543209876543212,0.4232209737827715
NOREDUCTION,197.76131687242798,9.518518518518519,3.2242798353909468,0.3895131086142322
NOREDUCTION,197.76131687242798,9.518518518518519,3.0843621399176957,0.3895131086142322
NOREDUCTION,197.76131687242798,9.757201646090536,2.734567901234568,0.3895131086142322
NOREDUCTION,197.76131687242798,9.279835390946502,2.734567901234568,0.4232209737827715
NOREDUCTION,197.76131687242798,9.518518518518519,2.804526748971194,0.3895131086142322
NOREDUCTION,197.76131687242798,9.518518518518519,2.6646090534979425,0.3895131086142322
NOREDUCTION,197.76131687242798,10.473251028806587,3.1543209876543212,0.3895131086142322
NOREDUCTION,197.76131687242798,9.995884773662553,3.1543209876543212,0.3895131086142322
NOREDUCTION,197.76131687242798,10.23456790123457,3.2242798353909468,0.3895131086142322
NOREDUCTION,197.76131687242798,10.23456790123457,3.0843621399176957,0.3895131086142322
NOREDUCTION,197.76131687242798,10.473251028806587,2.734567901234568,0.3895131086142322
NOREDUCTION,197.76131687242798,9.995884773662553,2.734567901234568,0.3895131086142322
NOREDUCTION,197.76131687242798,10.23456790123457,2.804526748971194,0.3895131086142322
NOREDUCTION,197.76131687242798,10.23456790123457,2.6646090534979425,0.3895131086142322
NOREDUCTION,215.4074074074074,9.518518518518519,3.5740740740740744,0.5056179775280899
NOREDUCTION,215.4074074074074,9.518518518518519,2.3148148148148153,0.5655430711610487
NOREDUCTION,165.7777777777778,5.222222222222223,14.277777777777775,0.5655430711610487
NOREDUCTION,106.22222222222223,5.222222222222223,14.277777777777775,0.6217228464419475
NOREDUCTION,76.44444444444444,5.222222222222223,16.166666666666664,0.6704119850187266
NOREDUCTION,16.888888888888896,5.222222222222223,16.166666666666664,0.9138576779026217
NOREDUCTION,46.66666666666667,5.222222222222223,18.055555555555554,0.7303370786516854
NOREDUCTION,46.66666666666667,5.222222222222223,14.277777777777775,0.7565543071161048
NOREDUCTION,165.7777777777778,31.0,10.5,0.9588014981273408
NOREDUCTION,106.22222222222223,31.0,10.5,0.8726591760299626
NOREDUCTION,136.0,37.44444444444445,10.5,0.9400749063670412
NOREDUCTION,136.0,24.555555555555557,10.5,0.8913857677902621
NOREDUCTION,136.0,31.0,12.38888888888889,0.9213483146067416
NOREDUCTION,136.0,31.0,8.61111111111111,0.9063670411985019
NOREDUCTION,197.76131687242798,10.23456790123457,2.9444444444444446,0.3895131086142322
NOREDUCTION,197.76131687242798,9.995884773662553,2.804526748971194,0.3895131086142322
NOREDUCTION,197.76131687242798,9.995884773662553,2.6646090534979425,0.3895131086142322
NOREDUCTION,208.7901234567901,9.518518518518519,2.9444444444444446,0.40823970037453183
NOREDUCTION,202.17283950617278,9.518518518518519,2.9444444444444446,0.40823970037453183
NOREDUCTION,205.48148148148144,10.23456790123457,2.9444444444444446,0.42696629213483145
NOREDUCTION,205.48148148148144,8.80246913580247,2.9444444444444446,0.44569288389513106
NOREDUCTION,205.48148148148144,9.518518518518519,3.1543209876543212,0.42696629213483145
NOREDUCTION,205.48148148148144,9.518518518518519,2.734567901234568,0.42696629213483145
NOREDUCTION,218.71604938271605,9.518518518518519,2.9444444444444446,0.449438202247191
NOREDUCTION,212.09876543209876,9.518518518518519,2.9444444444444446,0.4044943820224719
NOREDUCTION,215.4074074074074,10.23456790123457,2.9444444444444446,0.42696629213483145
NOREDUCTION,215.4074074074074,8.80246913580247,2.9444444444444446,0.4419475655430712
NOREDUCTION,215.4074074074074,9.518518518518519,3.1543209876543212,0.42696629213483145
NOREDUCTION,215.4074074074074,9.518518518518519,2.734567901234568,0.42696629213483145
NOREDUCTION,185.62962962962962,11.666666666666668,3.5740740740740744,0.5692883895131086
NOREDUCTION,185.62962962962962,11.666666666666668,2.3148148148148153,0.6329588014981273
NOREDUCTION,175.7037037037037,13.814814814814817,2.9444444444444446,0.5393258426966292
NOREDUCTION,175.7037037037037,9.518518518518519,2.9444444444444446,0.47191011235955055
NOREDUCTION,175.7037037037037,11.666666666666668,3.5740740740740744,0.5168539325842697
NOREDUCTION,175.7037037037037,11.666666666666668,2.3148148148148153,0.6441947565543071
NOREDUCTION,165.7777777777778,5.222222222222223,12.38888888888889,0.5430711610486891
NOREDUCTION,106.22222222222223,5.222222222222223,12.38888888888889,0.6441947565543071
NOREDUCTION,76.44444444444444,11.666666666666668,12.38888888888889,0.8052434456928839
NOREDUCTION,16.888888888888896,11.666666666666668,12.38888888888889,0.8801498127340824
NOREDUCTION,46.66666666666667,18.11111111111111,12.38888888888889,0.7715355805243446
NOREDUCTION,46.66666666666667,5.222222222222223,12.38888888888889,0.7191011235955056
NOREDUCTION,255.11111111111111,11.666666666666668,10.5,0.9775280898876404
NOREDUCTION,195.55555555555551,11.666666666666668,10.5,0.8913857677902621
NOREDUCTION,225.33333333333331,18.11111111111111,10.5,0.9700374531835206
NOREDUCTION,225.33333333333331,5.222222222222223,10.5,0.5955056179775281
NOREDUCTION,225.33333333333331,11.666666666666668,12.38888888888889,0.9625468164794008
NOREDUCTION,225.33333333333331,11.666666666666668,8.61111111111111,0.9101123595505618
NOREDUCTION,197.76131687242798,9.518518518518519,3.1543209876543212,0.3895131086142322
NOREDUCTION,197.76131687242798,9.757201646090536,3.01440329218107,0.3895131086142322
NOREDUCTION,197.76131687242798,9.757201646090536,2.874485596707819,0.3895131086142322
NOREDUCTION,212.09876543209876,10.23456790123457,2.9444444444444446,0.4044943820224719
NOREDUCTION,212.09876543209876,8.80246913580247,2.9444444444444446,0.4344569288389513
NOREDUCTION,212.09876543209876,9.518518518518519,3.1543209876543212,0.4044943820224719
NOREDUCTION,212.09876543209876,9.518518518518519,2.734567901234568,0.4044943820224719
NOREDUCTION,255.11111111111111,5.222222222222223,10.5,0.6928838951310862
NOREDUCTION,195.55555555555551,5.222222222222223,10.5,0.5692883895131086
NOREDUCTION,225.33333333333331,5.222222222222223,12.38888888888889,0.5655430711610487
NOREDUCTION,225.33333333333331,5.222222222222223,8.61111111111111,0.5880149812734082
NOREDUCTION,165.7777777777778,50.33333333333333,10.5,0.9775280898876404
NOREDUCTION,106.22222222222223,50.33333333333333,10.5,0.9438202247191011
NOREDUCTION,136.0,56.77777777777778,10.5,0.9700374531835206
NOREDUCTION,136.0,43.88888888888888,10.5,0.9550561797752809
NOREDUCTION,136.0,50.33333333333333,12.38888888888889,0.9700374531835206
NOREDUCTION,136.0,50.33333333333333,8.61111111111111,0.947565543071161
NOREDUCTION,165.7777777777778,31.0,16.166666666666664,0.9850187265917603
NOREDUCTION,106.22222222222223,31.0,16.166666666666664,0.9213483146067416
NOREDUCTION,136.0,37.44444444444445,16.166666666666664,0.9700374531835206
NOREDUCTION,136.0,24.555555555555557,16.166666666666664,0.951310861423221
NOREDUCTION,136.0,31.0,18.055555555555554,0.9700374531835206
NOREDUCTION,136.0,31.0,14.277777777777775,0.947565543071161
NOREDUCTION,255.11111111111111,31.0,4.833333333333334,0.9775280898876404
NOREDUCTION,195.55555555555551,31.0,4.833333333333334,0.9213483146067416
NOREDUCTION,225.33333333333331,37.44444444444445,4.833333333333334,0.9700374531835206
NOREDUCTION,225.33333333333331,24.555555555555557,4.833333333333334,0.9250936329588015
NOREDUCTION,225.33333333333331,31.0,6.722222222222222,0.9775280898876404
NOREDUCTION,225.33333333333331,31.0,2.9444444444444446,0.8389513108614233
NOREDUCTION,197.76131687242798,9.518518518518519,2.734567901234568,0.3895131086142322
NOREDUCTION,197.76131687242798,10.473251028806587,3.01440329218107,0.3895131086142322
NOREDUCTION,197.76131687242798,10.473251028806587,2.874485596707819,0.3895131086142322
NOREDUCTION,208.7901234567901,10.23456790123457,2.9444444444444446,0.40823970037453183
NOREDUCTION,208.7901234567901,8.80246913580247,2.9444444444444446,0.4344569288389513
NOREDUCTION,208.7901234567901,9.518518518518519,3.1543209876543212,0.40823970037453183
NOREDUCTION,208.7901234567901,9.518518518518519,2.734567901234568,0.40823970037453183
NOREDUCTION,255.11111111111111,5.222222222222223,12.38888888888889,0.6891385767790262
NOREDUCTION,195.55555555555551,5.222222222222223,12.38888888888889,0.5393258426966292
NOREDUCTION,76.44444444444444,24.555555555555557,10.5,0.8614232209737828
NOREDUCTION,16.888888888888896,24.555555555555557,10.5,1.0
NOREDUCTION,46.66666666666667,24.555555555555557,12.38888888888889,0.7453183520599251
NOREDUCTION,46.66666666666667,24.555555555555557,8.61111111111111,0.7640449438202247
NOREDUCTION,165.7777777777778,50.33333333333333,2.9444444444444446,0.7865168539325843
NOREDUCTION,106.22222222222223,50.33333333333333,2.9444444444444446,0.8052434456928839
NOREDUCTION,136.0,56.77777777777778,2.9444444444444446,0.7677902621722846
NOREDUCTION,136.0,43.88888888888888,2.9444444444444446,0.7453183520599251
NOREDUCTION,255.11111111111111,11.666666666666668,16.166666666666664,0.9850187265917603
NOREDUCTION,195.55555555555551,11.666666666666668,16.166666666666664,0.9550561797752809
NOREDUCTION,225.33333333333331,18.11111111111111,16.166666666666664,0.9850187265917603
NOREDUCTION,225.33333333333331,5.222222222222223,16.166666666666664,0.6254681647940075
NOREDUCTION,225.33333333333331,11.666666666666668,18.055555555555554,0.9850187265917603
NOREDUCTION,225.33333333333331,11.666666666666668,14.277777777777775,0.9775280898876404
NOREDUCTION,197.76131687242798,10.23456790123457,3.1543209876543212,0.3895131086142322
NOREDUCTION,197.76131687242798,9.995884773662553,3.01440329218107,0.3895131086142322
NOREDUCTION,197.76131687242798,9.995884773662553,2.874485596707819,0.3895131086142322
NOREDUCTION,202.17283950617278,10.23456790123457,2.9444444444444446,0.40823970037453183
NOREDUCTION,202.17283950617278,8.80246913580247,2.9444444444444446,0.45318352059925093
NOREDUCTION,202.17283950617278,9.518518518518519,3.1543209876543212,0.40823970037453183
NOREDUCTION,202.17283950617278,9.518518518518519,2.734567901234568,0.40823970037453183
NOREDUCTION,255.11111111111111,5.222222222222223,16.166666666666664,0.7528089887640449
NOREDUCTION,195.55555555555551,5.222222222222223,16.166666666666664,0.5880149812734082
NOREDUCTION,225.33333333333331,5.222222222222223,18.055555555555554,0.6441947565543071
NOREDUCTION,225.33333333333331,5.222222222222223,14.277777777777775,0.6104868913857678
NOREDUCTION,255.11111111111111,50.33333333333333,4.833333333333334,0.9850187265917603
NOREDUCTION,195.55555555555551,50.33333333333333,4.833333333333334,0.9662921348314607
NOREDUCTION,225.33333333333331,56.77777777777778,4.833333333333334,0.9775280898876404
NOREDUCTION,225.33333333333331,43.88888888888888,4.833333333333334,0.9737827715355806
NOREDUCTION,225.33333333333331,50.33333333333333,6.722222222222222,0.9850187265917603
NOREDUCTION,225.33333333333331,50.33333333333333,2.9444444444444446,0.9588014981273408
NOREDUCTION,197.76131687242798,10.23456790123457,2.734567901234568,0.3895131086142322
