NOREDUCTION,136.0,31.0,10.5,0.9325842696629213
NOREDUCTION,225.33333333333331,31.0,10.5,1.0
NOREDUCTION,136.0,50.33333333333333,10.5,0.9700374531835206
NOREDUCTION,136.0,11.666666666666668,10.5,0.8202247191011236
NOREDUCTION,136.0,31.0,16.166666666666664,0.9700374531835206
NOREDUCTION,136.0,31.0,4.833333333333334,0.8277153558052435
NOREDUCTION,46.66666666666667,31.0,10.5,0.7790262172284644
NOREDUCTION,46.66666666666667,50.33333333333333,10.5,1.0
NOREDUCTION,46.66666666666667,11.666666666666668,10.5,0.7453183520599251
NOREDUCTION,46.66666666666667,31.0,16.166666666666664,0.7715355805243446
NOREDUCTION,46.66666666666667,50.33333333333333,4.833333333333334,1.0
NOREDUCTION,46.66666666666667,11.666666666666668,4.833333333333334,0.7640449438202247
NOREDUCTION,225.33333333333331,50.33333333333333,10.5,1.0
NOREDUCTION,225.33333333333331,11.666666666666668,10.5,0.9550561797752809
NOREDUCTION,225.33333333333331,31.0,16.166666666666664,1.0
NOREDUCTION,225.33333333333331,31.0,4.833333333333334,0.9625468164794008
NOREDUCTION,46.66666666666667,31.0,4.833333333333334,0.7303370786516854
NOREDUCTION,76.44444444444444,31.0,4.833333333333334,0.846441947565543
NOREDUCTION,16.888888888888896,31.0,4.833333333333334,1.0
NOREDUCTION,46.66666666666667,37.44444444444445,4.833333333333334,0.7265917602996255
NOREDUCTION,46.66666666666667,31.0,6.722222222222222,0.7265917602996255
NOREDUCTION,46.66666666666667,31.0,2.9444444444444446,0.7565543071161048
NOREDUCTION,46.66666666666667,50.33333333333333,16.166666666666664,1.0
NOREDUCTION,46.66666666666667,11.666666666666668,16.166666666666664,0.7415730337078652
NOREDUCTION,46.66666666666667,24.555555555555557,4.833333333333334,0.704119850187266
NOREDUCTION,76.44444444444444,24.555555555555557,4.833333333333334,0.7902621722846442
NOREDUCTION,16.888888888888896,24.555555555555557,4.833333333333334,1.0
NOREDUCTION,46.66666666666667,24.555555555555557,6.722222222222222,0.7415730337078652
NOREDUCTION,46.66666666666667,24.555555555555557,2.9444444444444446,0.7228464419475655
NOREDUCTION,136.0,11.666666666666668,16.166666666666664,0.8651685393258427
NOREDUCTION,136.0,11.666666666666668,4.833333333333334,0.6179775280898876
NOREDUCTION,165.7777777777778,11.666666666666668,4.833333333333334,0.5917602996254682
NOREDUCTION,106.22222222222223,11.666666666666668,4.833333333333334,0.6329588014981273
NOREDUCTION,136.0,18.11111111111111,4.833333333333334,0.7153558052434457
NOREDUCTION,136.0,5.222222222222223,4.833333333333334,0.5056179775280899
NOREDUCTION,136.0,11.666666666666668,6.722222222222222,0.6591760299625468
NOREDUCTION,225.33333333333331,11.666666666666668,16.166666666666664,0.9812734082397003
NOREDUCTION,225.33333333333331,11.666666666666668,4.833333333333334,0.6479400749063671
NOREDUCTION,165.7777777777778,11.666666666666668,2.9444444444444446,0.48314606741573035
NOREDUCTION,106.22222222222223,11.666666666666668,2.9444444444444446,0.6179775280898876
NOREDUCTION,136.0,18.11111111111111,2.9444444444444446,0.5655430711610487
NOREDUCTION,136.0,5.222222222222223,2.9444444444444446,0.7153558052434457
NOREDUCTION,136.0,50.33333333333333,16.166666666666664,0.9925093632958801
NOREDUCTION,136.0,50.33333333333333,4.833333333333334,0.8614232209737828
NOREDUCTION,136.0,11.666666666666668,2.9444444444444446,0.47191011235955055
NOREDUCTION,126.07407407407408,11.666666666666668,2.9444444444444446,0.5243445692883895
NOREDUCTION,136.0,13.814814814814817,2.9444444444444446,0.5318352059925093
NOREDUCTION,136.0,9.518518518518519,2.9444444444444446,0.5131086142322098
NOREDUCTION,136.0,11.666666666666668,3.5740740740740744,0.5355805243445693
NOREDUCTION,136.0,11.666666666666668,2.3148148148148153,0.6816479400749064
NOREDUCTION,165.7777777777778,18.11111111111111,2.9444444444444446,0.5393258426966292
NOREDUCTION,165.7777777777778,5.222222222222223,2.9444444444444446,0.651685393258427
NOREDUCTION,225.33333333333331,50.33333333333333,16.166666666666664,1.0
NOREDUCTION,225.33333333333331,50.33333333333333,4.833333333333334,0.9887640449438202
NOREDUCTION,145.92592592592592,11.666666666666668,2.9444444444444446,0.4606741573033708
NOREDUCTION,145.92592592592592,13.814814814814817,2.9444444444444446,0.5168539325842697
NOREDUCTION,145.92592592592592,9.518518518518519,2.9444444444444446,0.47191011235955055
NOREDUCTION,145.92592592592592,11.666666666666668,3.5740740740740744,0.5543071161048689
NOREDUCTION,145.92592592592592,11.666666666666668,2.3148148148148153,0.6179775280898876
NOREDUCTION,165.7777777777778,5.222222222222223,4.833333333333334,0.5917602996254682
NOREDUCTION,106.22222222222223,5.222222222222223,4.833333333333334,0.6067415730337079
NOREDUCTION,255.11111111111111,11.666666666666668,4.833333333333334,0.7902621722846442
NOREDUCTION,195.55555555555551,11.666666666666668,4.833333333333334,0.5805243445692884
NOREDUCTION,225.33333333333331,18.11111111111111,4.833333333333334,0.8726591760299626
NOREDUCTION,225.33333333333331,5.222222222222223,4.833333333333334,0.599250936329588
NOREDUCTION,225.33333333333331,11.666666666666668,6.722222222222222,0.8164794007490637
NOREDUCTION,225.33333333333331,11.666666666666668,2.9444444444444446,0.45318352059925093
NOREDUCTION,255.11111111111111,11.666666666666668,2.9444444444444446,0.5767790262172284
NOREDUCTION,225.33333333333331,18.11111111111111,2.9444444444444446,0.6329588014981273
NOREDUCTION,225.33333333333331,5.222222222222223,2.9444444444444446,0.6629213483146067
NOREDUCTION,76.44444444444444,11.666666666666668,16.166666666666664,0.8539325842696629
NOREDUCTION,16.888888888888896,11.666666666666668,16.166666666666664,0.8314606741573034
NOREDUCTION,46.66666666666667,18.11111111111111,16.166666666666664,0.7790262172284644
NOREDUCTION,46.66666666666667,5.222222222222223,16.166666666666664,0.704119850187266
NOREDUCTION,46.66666666666667,11.666666666666668,18.055555555555554,0.7528089887640449
NOREDUCTION,46.66666666666667,11.666666666666668,14.277777777777775,0.7565543071161048
NOREDUCTION,195.55555555555551,18.11111111111111,2.9444444444444446,0.602996254681648
NOREDUCTION,195.55555555555551,5.222222222222223,2.9444444444444446,0.6816479400749064
NOREDUCTION,76.44444444444444,11.666666666666668,10.5,0.7528089887640449
NOREDUCTION,16.888888888888896,11.666666666666668,10.5,0.8539325842696629
NOREDUCTION,46.66666666666667,18.11111111111111,10.5,0.7865168539325843
NOREDUCTION,46.66666666666667,5.222222222222223,10.5,0.7490636704119851
NOREDUCTION,46.66666666666667,11.666666666666668,12.38888888888889,0.7228464419475655
NOREDUCTION,46.66666666666667,11.666666666666668,8.61111111111111,0.7415730337078652
NOREDUCTION,195.55555555555551,11.666666666666668,2.9444444444444446,0.4307116104868914
NOREDUCTION,205.48148148148144,11.666666666666668,2.9444444444444446,0.4606741573033708
NOREDUCTION,185.62962962962962,11.666666666666668,2.9444444444444446,0.4157303370786517
NOREDUCTION,195.55555555555551,13.814814814814817,2.9444444444444446,0.47191011235955055
NOREDUCTION,195.55555555555551,11.666666666666668,3.5740740740740744,0.5243445692883895
NOREDUCTION,195.55555555555551,11.666666666666668,2.3148148148148153,0.5767790262172284
NOREDUCTION,165.7777777777778,11.666666666666668,6.722222222222222,0.6779026217228464
NOREDUCTION,106.22222222222223,11.666666666666668,6.722222222222222,0.704119850187266
NOREDUCTION,136.0,18.11111111111111,6.722222222222222,0.7640449438202247
NOREDUCTION,136.0,5.222222222222223,6.722222222222222,0.5393258426966292
NOREDUCTION,76.44444444444444,11.666666666666668,4.833333333333334,0.6891385767790262
NOREDUCTION,16.888888888888896,11.666666666666668,4.833333333333334,0.9176029962546817
NOREDUCTION,46.66666666666667,18.11111111111111,4.833333333333334,0.7378277153558053
NOREDUCTION,46.66666666666667,5.222222222222223,4.833333333333334,0.8726591760299626
NOREDUCTION,46.66666666666667,11.666666666666668,6.722222222222222,0.7228464419475655
NOREDUCTION,46.66666666666667,11.666666666666668,2.9444444444444446,0.8277153558052435
NOREDUCTION,205.48148148148144,9.518518518518519,2.9444444444444446,0.3895131086142322
NOREDUCTION,185.62962962962962,9.518518518518519,2.9444444444444446,0.4232209737827715
NOREDUCTION,195.55555555555551,9.518518518518519,3.5740740740740744,0.4606741573033708
NOREDUCTION,195.55555555555551,9.518518518518519,2.3148148148148153,0.5842696629213483
NOREDUCTION,165.7777777777778,5.222222222222223,6.722222222222222,0.50187265917603
NOREDUCTION,106.22222222222223,5.222222222222223,6.722222222222222,0.5917602996254682
NOREDUCTION,76.44444444444444,31.0,16.166666666666664,0.9213483146067416
NOREDUCTION,16.888888888888896,31.0,16.166666666666664,1.0
NOREDUCTION,46.66666666666667,37.44444444444445,16.166666666666664,0.850187265917603
NOREDUCTION,46.66666666666667,24.555555555555557,16.166666666666664,0.7827715355805244
NOREDUCTION,46.66666666666667,31.0,18.055555555555554,0.8576779026217228
NOREDUCTION,46.66666666666667,31.0,14.277777777777775,0.7790262172284644
NOREDUCTION,195.55555555555551,9.518518518518519,2.9444444444444446,0.38202247191011235
NOREDUCTION,192.24691358024685,9.518518518518519,2.9444444444444446,0.41947565543071164
NOREDUCTION,195.55555555555551,10.23456790123457,2.9444444444444446,0.38202247191011235
NOREDUCTION,195.55555555555551,8.80246913580247,2.9444444444444446,0.38202247191011235
NOREDUCTION,195.55555555555551,9.518518518518519,3.1543209876543212,0.38202247191011235
NOREDUCTION,195.55555555555551,9.518518518518519,2.734567901234568,0.38202247191011235
NOREDUCTION,205.48148148148144,9.518518518518519,3.5740740740740744,0.49063670411985016
NOREDUCTION,205.48148148148144,9.518518518518519,2.3148148148148153,0.5692883895131086
NOREDUCTION,255.11111111111111,18.11111111111111,2.9444444444444446,0.7453183520599251
NOREDUCTION,255.11111111111111,5.222222222222223,2.9444444444444446,0.7715355805243446
NOREDUCTION,76.44444444444444,31.0,10.5,0.8913857677902621
NOREDUCTION,16.888888888888896,31.0,10.5,1.0
NOREDUCTION,46.66666666666667,37.44444444444445,10.5,0.797752808988764
NOREDUCTION,46.66666666666667,24.555555555555557,10.5,0.7415730337078652
NOREDUCTION,46.66666666666667,31.0,12.38888888888889,0.7602996254681648
NOREDUCTION,46.66666666666667,31.0,8.61111111111111,0.7752808988764045
NOREDUCTION,198.86419753086417,8.80246913580247,2.9444444444444446,0.40823970037453183
NOREDUCTION,198.86419753086417,9.518518518518519,3.1543209876543212,0.36704119850187267
NOREDUCTION,198.86419753086417,9.518518518518519,2.734567901234568,0.36704119850187267
NOREDUCTION,235.25925925925924,11.666666666666668,2.9444444444444446,0.47191011235955055
NOREDUCTION,215.4074074074074,11.666666666666668,2.9444444444444446,0.42696629213483145
NOREDUCTION,225.33333333333331,13.814814814814817,2.9444444444444446,0.5168539325842697
NOREDUCTION,225.33333333333331,9.518518518518519,2.9444444444444446,0.40823970037453183
NOREDUCTION,225.33333333333331,11.666666666666668,3.5740740740740744,0.5655430711610487
NOREDUCTION,225.33333333333331,11.666666666666668,2.3148148148148153,0.48314606741573035
NOREDUCTION,195.55555555555551,18.11111111111111,4.833333333333334,0.8202247191011236
NOREDUCTION,195.55555555555551,5.222222222222223,4.833333333333334,0.5880149812734082
NOREDUCTION,76.44444444444444,18.11111111111111,4.833333333333334,0.7265917602996255
NOREDUCTION,76.44444444444444,5.222222222222223,4.833333333333334,0.7153558052434457
NOREDUCTION,76.44444444444444,11.666666666666668,6.722222222222222,0.6891385767790262
NOREDUCTION,76.44444444444444,11.666666666666668,2.9444444444444446,0.6591760299625468
NOREDUCTION,165.7777777777778,11.666666666666668,10.5,0.8164794007490637
NOREDUCTION,106.22222222222223,11.666666666666668,10.5,0.7790262172284644
NOREDUCTION,136.0,18.11111111111111,10.5,0.8838951310861424
NOREDUCTION,136.0,5.222222222222223,10.5,0.5243445692883895
NOREDUCTION,136.0,11.666666666666668,12.38888888888889,0.7902621722846442
NOREDUCTION,136.0,11.666666666666668,8.61111111111111,0.6966292134831461
NOREDUCTION,198.86419753086417,9.518518518518519,2.9444444444444446,0.36704119850187267
NOREDUCTION,198.86419753086417,10.23456790123457,3.1543209876543212,0.36704119850187267
NOREDUCTION,198.86419753086417,10.23456790123457,2.734567901234568,0.36704119850187267
NOREDUCTION,235.25925925925924,9.518518518518519,2.9444444444444446,0.3970037453183521
NOREDUCTION,215.4074074074074,9.518518518518519,2.9444444444444446,0.3895131086142322
NOREDUCTION,225.33333333333331,9.518518518518519,3.5740740740740744,0.46441947565543074
NOREDUCTION,225.33333333333331,9.518518518518519,2.3148148148148153,0.5056179775280899
NOREDUCTION,165.7777777777778,5.222222222222223,10.5,0.5093632958801498
NOREDUCTION,106.22222222222223,5.222222222222223,10.5,0.6067415730337079
NOREDUCTION,136.0,5.222222222222223,12.38888888888889,0.5430711610486891
NOREDUCTION,136.0,5.222222222222223,8.61111111111111,0.5093632958801498
NOREDUCTION,165.7777777777778,31.0,4.833333333333334,0.8314606741573034
NOREDUCTION,106.22222222222223,31.0,4.833333333333334,0.7940074906367042
NOREDUCTION,136.0,37.44444444444445,4.833333333333334,0.846441947565543
NOREDUCTION,136.0,24.555555555555557,4.833333333333334,0.7677902621722846
NOREDUCTION,136.0,31.0,6.722222222222222,0.8876404494382022
NOREDUCTION,136.0,31.0,2.9444444444444446,0.6666666666666666
NOREDUCTION,198.86419753086417,10.23456790123457,2.9444444444444446,0.36704119850187267
NOREDUCTION,199.9670781893004,9.518518518518519,2.9444444444444446,0.37453183520599254
NOREDUCTION,198.86419753086417,9.757201646090536,2.9444444444444446,0.36704119850187267
NOREDUCTION,198.86419753086417,9.279835390946502,2.9444444444444446,0.40823970037453183
NOREDUCTION,198.86419753086417,9.518518518518519,3.01440329218107,0.36704119850187267
NOREDUCTION,198.86419753086417,9.518518518518519,2.874485596707819,0.36704119850187267
NOREDUCTION,199.9670781893004,10.23456790123457,2.9444444444444446,0.37453183520599254
NOREDUCTION,198.86419753086417,10.473251028806587,2.9444444444444446,0.36704119850187267
NOREDUCTION,198.86419753086417,9.995884773662553,2.9444444444444446,0.36704119850187267
NOREDUCTION,198.86419753086417,10.23456790123457,3.01440329218107,0.36704119850187267
NOREDUCTION,198.86419753086417,10.23456790123457,2.874485596707819,0.36704119850187267
NOREDUCTION,199.9670781893004,9.518518518518519,3.1543209876543212,0.37453183520599254
NOREDUCTION,198.86419753086417,9.757201646090536,3.1543209876543212,0.36704119850187267
NOREDUCTION,198.86419753086417,9.279835390946502,3.1543209876543212,0.40823970037453183
NOREDUCTION,198.86419753086417,9.518518518518519,3.2242798353909468,0.36704119850187267
NOREDUCTION,198.86419753086417,9.518518518518519,3.0843621399176957,0.36704119850187267
NOREDUCTION,199.9670781893004,9.518518518518519,2.734567901234568,0.37453183520599254
NOREDUCTION,198.86419753086417,9.757201646090536,2.734567901234568,0.36704119850187267
NOREDUCTION,198.86419753086417,9.279835390946502,2.734567901234568,0.40823970037453183
NOREDUCTION,198.86419753086417,9.518518518518519,2.804526748971194,0.36704119850187267
NOREDUCTION,198.86419753086417,9.518518518518519,2.6646090534979425,0.36704119850187267
NOREDUCTION,199.9670781893004,10.23456790123457,3.1543209876543212,0.37453183520599254
NOREDUCTION,198.86419753086417,10.473251028806587,3.1543209876543212,0.36704119850187267
NOREDUCTION,198.86419753086417,9.995884773662553,3.1543209876543212,0.36704119850187267
NOREDUCTION,198.86419753086417,10.23456790123457,3.2242798353909468,0.36704119850187267
NOREDUCTION,198.86419753086417,10.23456790123457,3.0843621399176957,0.36704119850187267
NOREDUCTION,199.9670781893004,10.23456790123457,2.734567901234568,0.37453183520599254
NOREDUCTION,197.76131687242798,10.23456790123457,2.734567901234568,0.36329588014981273
NOREDUCTION,198.86419753086417,10.473251028806587,2.734567901234568,0.36704119850187267
NOREDUCTION,198.86419753086417,9.995884773662553,2.734567901234568,0.36704119850187267
NOREDUCTION,198.86419753086417,10.23456790123457,2.804526748971194,0.36704119850187267
NOREDUCTION,198.86419753086417,10.23456790123457,2.6646090534979425,0.36704119850187267
NOREDUCTION,215.4074074074074,9.518518518518519,3.5740740740740744,0.4943820224719101
NOREDUCTION,215.4074074074074,9.518518518518519,2.3148148148148153,0.5280898876404494
NOREDUCTION,165.7777777777778,5.222222222222223,12.38888888888889,0.5093632958801498
NOREDUCTION,165.7777777777778,5.222222222222223,8.61111111111111,0.4756554307116105
NOREDUCTION,165.7777777777778,31.0,2.9444444444444446,0.700374531835206
NOREDUCTION,106.22222222222223,31.0,2.9444444444444446,0.6928838951310862
NOREDUCTION,136.0,37.44444444444445,2.9444444444444446,0.7228464419475655
NOREDUCTION,136.0,24.555555555555557,2.9444444444444446,0.6217228464419475
NOREDUCTION,165.7777777777778,50.33333333333333,4.833333333333334,0.9213483146067416
NOREDUCTION,106.22222222222223,50.33333333333333,4.833333333333334,0.8876404494382022
NOREDUCTION,136.0,56.77777777777778,4.833333333333334,0.8764044943820225
NOREDUCTION,136.0,43.88888888888888,4.833333333333334,0.8726591760299626
NOREDUCTION,136.0,50.33333333333333,6.722222222222222,0.9138576779026217
NOREDUCTION,136.0,50.33333333333333,2.9444444444444446,0.7528089887640449
NOREDUCTION,197.76131687242798,9.518518518518519,2.9444444444444446,0.36329588014981273
NOREDUCTION,197.76131687242798,9.757201646090536,2.9444444444444446,0.36329588014981273
NOREDUCTION,197.76131687242798,9.279835390946502,2.9444444444444446,0.3707865168539326
NOREDUCTION,197.76131687242798,9.518518518518519,3.01440329218107,0.36329588014981273
NOREDUCTION,197.76131687242798,9.518518518518519,2.874485596707819,0.36329588014981273
NOREDUCTION,235.25925925925924,9.518518518518519,3.5740740740740744,0.5168539325842697
NOREDUCTION,235.25925925925924,9.518518518518519,2.3148148148148153,0.5280898876404494
NOREDUCTION,76.44444444444444,5.222222222222223,16.166666666666664,0.6741573033707865
NOREDUCTION,16.888888888888896,5.222222222222223,16.166666666666664,0.9101123595505618
NOREDUCTION,46.66666666666667,5.222222222222223,18.055555555555554,0.7340823970037453
NOREDUCTION,46.66666666666667,5.222222222222223,14.277777777777775,0.7265917602996255
NOREDUCTION,165.7777777777778,11.666666666666668,16.166666666666664,0.9063670411985019
NOREDUCTION,106.22222222222223,11.666666666666668,16.166666666666664,0.8651685393258427
NOREDUCTION,136.0,18.11111111111111,16.166666666666664,0.9176029962546817
NOREDUCTION,136.0,5.222222222222223,16.166666666666664,0.5580524344569289
NOREDUCTION,136.0,11.666666666666668,18.055555555555554,0.8876404494382022
NOREDUCTION,136.0,11.666666666666668,14.277777777777775,0.850187265917603
NOREDUCTION,197.76131687242798,10.23456790123457,2.9444444444444446,0.36329588014981273
NOREDUCTION,197.76131687242798,10.473251028806587,2.9444444444444446,0.36329588014981273
NOREDUCTION,197.76131687242798,9.995884773662553,2.9444444444444446,0.36329588014981273
NOREDUCTION,197.76131687242798,10.23456790123457,3.01440329218107,0.36329588014981273
NOREDUCTION,197.76131687242798,10.23456790123457,2.874485596707819,0.36329588014981273
NOREDUCTION,197.76131687242798,10.473251028806587,2.734567901234568,0.36329588014981273
NOREDUCTION,197.76131687242798,9.995884773662553,2.734567901234568,0.36329588014981273
NOREDUCTION,197.76131687242798,10.23456790123457,2.804526748971194,0.36329588014981273
NOREDUCTION,197.76131687242798,10.23456790123457,2.6646090534979425,0.36329588014981273
NOREDUCTION,165.7777777777778,5.222222222222223,16.166666666666664,0.5355805243445693
NOREDUCTION,106.22222222222223,5.222222222222223,16.166666666666664,0.6067415730337079
NOREDUCTION,136.0,5.222222222222223,18.055555555555554,0.5543071161048689
NOREDUCTION,136.0,5.222222222222223,14.277777777777775,0.5318352059925093
NOREDUCTION,165.7777777777778,31.0,10.5,0.9737827715355806
NOREDUCTION,106.22222222222223,31.0,10.5,0.8876404494382022
NOREDUCTION,136.0,37.44444444444445,10.5,0.9550561797752809
NOREDUCTION,136.0,24.555555555555557,10.5,0.9063670411985019
NOREDUCTION,136.0,31.0,12.38888888888889,0.9363295880149812
NOREDUCTION,136.0,31.0,8.61111111111111,0.9138576779026217
NOREDUCTION,197.76131687242798,9.518518518518519,3.1543209876543212,0.36329588014981273
NOREDUCTION,197.76131687242798,10.473251028806587,3.1543209876543212,0.36329588014981273
NOREDUCTION,197.76131687242798,9.995884773662553,3.1543209876543212,0.36329588014981273
NOREDUCTION,197.76131687242798,10.23456790123457,3.2242798353909468,0.36329588014981273
NOREDUCTION,197.76131687242798,10.23456790123457,3.0843621399176957,0.36329588014981273
NOREDUCTION,165.7777777777778,5.222222222222223,14.277777777777775,0.5468164794007491
NOREDUCTION,106.22222222222223,5.222222222222223,14.277777777777775,0.602996254681648
NOREDUCTION,76.44444444444444,11.666666666666668,12.38888888888889,0.8052434456928839
NOREDUCTION,16.888888888888896,11.666666666666668,12.38888888888889,0.8352059925093633
NOREDUCTION,46.66666666666667,18.11111111111111,12.38888888888889,0.7752808988764045
NOREDUCTION,46.66666666666667,5.222222222222223,12.38888888888889,0.7265917602996255
NOREDUCTION,255.11111111111111,11.666666666666668,10.5,0.9925093632958801
NOREDUCTION,195.55555555555551,11.666666666666668,10.5,0.898876404494382
NOREDUCTION,225.33333333333331,18.11111111111111,10.5,0.9850187265917603
NOREDUCTION,225.33333333333331,5.222222222222223,10.5,0.5730337078651685
NOREDUCTION,225.33333333333331,11.666666666666668,12.38888888888889,0.9775280898876404
NOREDUCTION,225.33333333333331,11.666666666666668,8.61111111111111,0.9026217228464419
NOREDUCTION,197.76131687242798,9.518518518518519,2.734567901234568,0.36329588014981273
NOREDUCTION,197.76131687242798,9.757201646090536,3.1543209876543212,0.36329588014981273
NOREDUCTION,197.76131687242798,9.279835390946502,3.1543209876543212,0.3707865168539326
NOREDUCTION,197.76131687242798,9.518518518518519,3.2242798353909468,0.36329588014981273
NOREDUCTION,197.76131687242798,9.518518518518519,3.0843621399176957,0.36329588014981273
NOREDUCTION,197.76131687242798,9.757201646090536,2.734567901234568,0.36329588014981273
NOREDUCTION,197.76131687242798,9.279835390946502,2.734567901234568,0.3707865168539326
NOREDUCTION,197.76131687242798,9.518518518518519,2.804526748971194,0.36329588014981273
NOREDUCTION,197.76131687242798,9.518518518518519,2.6646090534979425,0.36329588014981273
NOREDUCTION,255.11111111111111,5.222222222222223,10.5,0.6816479400749064
NOREDUCTION,195.55555555555551,5.222222222222223,10.5,0.5355805243445693
NOREDUCTION,225.33333333333331,5.222222222222223,12.38888888888889,0.5393258426966292
NOREDUCTION,225.33333333333331,5.222222222222223,8.61111111111111,0.5430711610486891
NOREDUCTION,255.11111111111111,31.0,4.833333333333334,0.9925093632958801
NOREDUCTION,195.55555555555551,31.0,4.833333333333334,0.9325842696629213
NOREDUCTION,225.33333333333331,37.44444444444445,4.833333333333334,0.9850187265917603
NOREDUCTION,225.33333333333331,24.555555555555557,4.833333333333334,0.9400749063670412
NOREDUCTION,225.33333333333331,31.0,6.722222222222222,0.9925093632958801
NOREDUCTION,225.33333333333331,31.0,2.9444444444444446,0.8389513108614233
NOREDUCTION,197.76131687242798,10.23456790123457,3.1543209876543212,0.36329588014981273
EXACT,136.0,31.0,10.5,0.9325842696629213
EXACT,225.33333333333331,31.0,10.5,1.0
EXACT,136.0,50.33333333333333,10.5,0.9700374531835206
EXACT,136.0,11.666666666666668,10.5,0.8052434456928839
EXACT,136.0,31.0,16.166666666666664,0.9700374531835206
EXACT,136.0,31.0,4.833333333333334,0.8352059925093633
EXACT,46.66666666666667,31.0,10.5,0.7752808988764045
EXACT,46.66666666666667,50.33333333333333,10.5,1.0
EXACT,46.66666666666667,11.666666666666668,10.5,0.7153558052434457
EXACT,46.66666666666667,31.0,16.166666666666664,0.7940074906367042
EXACT,46.66666666666667,31.0,4.833333333333334,0.6966292134831461
EXACT,46.66666666666667,50.33333333333333,4.833333333333334,1.0
EXACT,225.33333333333331,50.33333333333333,10.5,1.0
EXACT,225.33333333333331,11.666666666666668,10.5,0.9550561797752809
EXACT,225.33333333333331,31.0,16.166666666666664,1.0
EXACT,225.33333333333331,31.0,4.833333333333334,0.9625468164794008
EXACT,46.66666666666667,11.666666666666668,4.833333333333334,0.6891385767790262
EXACT,16.888888888888896,11.666666666666668,4.833333333333334,0.8951310861423221
EXACT,46.66666666666667,18.11111111111111,4.833333333333334,0.6853932584269663
EXACT,46.66666666666667,5.222222222222223,4.833333333333334,0.8614232209737828
EXACT,46.66666666666667,11.666666666666668,6.722222222222222,0.6966292134831461
EXACT,46.66666666666667,11.666666666666668,2.9444444444444446,0.7865168539325843
EXACT,46.66666666666667,50.33333333333333,16.166666666666664,1.0
EXACT,46.66666666666667,11.666666666666668,16.166666666666664,0.7340823970037453
EXACT,76.44444444444444,11.666666666666668,4.833333333333334,0.6367041198501873
EXACT,76.44444444444444,18.11111111111111,4.833333333333334,0.6816479400749064
EXACT,76.44444444444444,5.222222222222223,4.833333333333334,0.6704119850187266
EXACT,76.44444444444444,11.666666666666668,6.722222222222222,0.6779026217228464
EXACT,136.0,11.666666666666668,16.166666666666664,0.8651685393258427
EXACT,136.0,11.666666666666668,4.833333333333334,0.599250936329588
EXACT,76.44444444444444,11.666666666666668,2.9444444444444446,0.5880149812734082
EXACT,76.44444444444444,18.11111111111111,2.9444444444444446,0.6292134831460674
EXACT,76.44444444444444,5.222222222222223,2.9444444444444446,0.7677902621722846
EXACT,165.7777777777778,11.666666666666668,4.833333333333334,0.602996254681648
EXACT,106.22222222222223,11.666666666666668,4.833333333333334,0.6217228464419475
EXACT,136.0,18.11111111111111,4.833333333333334,0.7228464419475655
EXACT,136.0,5.222222222222223,4.833333333333334,0.5318352059925093
EXACT,136.0,11.666666666666668,6.722222222222222,0.6779026217228464
EXACT,225.33333333333331,11.666666666666668,16.166666666666664,0.9812734082397003
EXACT,225.33333333333331,11.666666666666668,4.833333333333334,0.6479400749063671
EXACT,136.0,11.666666666666668,2.9444444444444446,0.4943820224719101
EXACT,106.22222222222223,11.666666666666668,2.9444444444444446,0.5468164794007491
EXACT,136.0,18.11111111111111,2.9444444444444446,0.5692883895131086
EXACT,136.0,5.222222222222223,2.9444444444444446,0.7078651685393258
EXACT,136.0,50.33333333333333,16.166666666666664,0.9925093632958801
EXACT,136.0,50.33333333333333,4.833333333333334,0.8651685393258427
EXACT,165.7777777777778,18.11111111111111,2.9444444444444446,0.5355805243445693
EXACT,165.7777777777778,5.222222222222223,2.9444444444444446,0.599250936329588
EXACT,225.33333333333331,50.33333333333333,16.166666666666664,1.0
EXACT,225.33333333333331,50.33333333333333,4.833333333333334,0.9887640449438202
EXACT,165.7777777777778,11.666666666666668,2.9444444444444446,0.4681647940074906
EXACT,175.7037037037037,11.666666666666668,2.9444444444444446,0.4606741573033708
EXACT,165.7777777777778,13.814814814814817,2.9444444444444446,0.46441947565543074
EXACT,165.7777777777778,9.518518518518519,2.9444444444444446,0.4419475655430712
EXACT,165.7777777777778,11.666666666666668,3.5740740740740744,0.5393258426966292
EXACT,165.7777777777778,11.666666666666668,2.3148148148148153,0.5805243445692884
EXACT,165.7777777777778,5.222222222222223,4.833333333333334,0.5430711610486891
EXACT,106.22222222222223,5.222222222222223,4.833333333333334,0.6179775280898876
EXACT,255.11111111111111,11.666666666666668,4.833333333333334,0.7902621722846442
EXACT,195.55555555555551,11.666666666666668,4.833333333333334,0.5917602996254682
EXACT,225.33333333333331,18.11111111111111,4.833333333333334,0.8726591760299626
EXACT,225.33333333333331,5.222222222222223,4.833333333333334,0.550561797752809
EXACT,225.33333333333331,11.666666666666668,6.722222222222222,0.8164794007490637
EXACT,225.33333333333331,11.666666666666668,2.9444444444444446,0.4606741573033708
EXACT,155.85185185185188,11.666666666666668,2.9444444444444446,0.4307116104868914
EXACT,155.85185185185188,13.814814814814817,2.9444444444444446,0.4606741573033708
EXACT,155.85185185185188,9.518518518518519,2.9444444444444446,0.45318352059925093
EXACT,155.85185185185188,11.666666666666668,3.5740740740740744,0.49812734082397003
EXACT,155.85185185185188,11.666666666666668,2.3148148148148153,0.5955056179775281
EXACT,255.11111111111111,11.666666666666668,2.9444444444444446,0.5805243445692884
EXACT,225.33333333333331,18.11111111111111,2.9444444444444446,0.6292134831460674
EXACT,225.33333333333331,5.222222222222223,2.9444444444444446,0.651685393258427
EXACT,76.44444444444444,31.0,4.833333333333334,0.7902621722846442
EXACT,16.888888888888896,31.0,4.833333333333334,1.0
EXACT,46.66666666666667,37.44444444444445,4.833333333333334,0.7116104868913857
EXACT,46.66666666666667,24.555555555555557,4.833333333333334,0.6928838951310862
EXACT,46.66666666666667,31.0,6.722222222222222,0.7191011235955056
EXACT,46.66666666666667,31.0,2.9444444444444446,0.6928838951310862
EXACT,195.55555555555551,18.11111111111111,2.9444444444444446,0.5805243445692884
EXACT,195.55555555555551,5.222222222222223,2.9444444444444446,0.6441947565543071
EXACT,76.44444444444444,11.666666666666668,10.5,0.7303370786516854
EXACT,16.888888888888896,11.666666666666668,10.5,0.846441947565543
EXACT,46.66666666666667,18.11111111111111,10.5,0.7415730337078652
EXACT,46.66666666666667,5.222222222222223,10.5,0.6629213483146067
EXACT,46.66666666666667,11.666666666666668,12.38888888888889,0.7303370786516854
EXACT,46.66666666666667,11.666666666666668,8.61111111111111,0.6966292134831461
EXACT,195.55555555555551,11.666666666666668,2.9444444444444446,0.4157303370786517
EXACT,205.48148148148144,11.666666666666668,2.9444444444444446,0.4419475655430712
EXACT,185.62962962962962,11.666666666666668,2.9444444444444446,0.4344569288389513
EXACT,195.55555555555551,13.814814814814817,2.9444444444444446,0.4606741573033708
EXACT,195.55555555555551,11.666666666666668,3.5740740740740744,0.5205992509363296
EXACT,195.55555555555551,11.666666666666668,2.3148148148148153,0.5468164794007491
EXACT,106.22222222222223,18.11111111111111,2.9444444444444446,0.5917602996254682
EXACT,106.22222222222223,5.222222222222223,2.9444444444444446,0.7490636704119851
EXACT,76.44444444444444,11.666666666666668,16.166666666666664,0.8164794007490637
EXACT,16.888888888888896,11.666666666666668,16.166666666666664,0.8014981273408239
EXACT,46.66666666666667,18.11111111111111,16.166666666666664,0.7677902621722846
EXACT,46.66666666666667,5.222222222222223,16.166666666666664,0.6666666666666666
EXACT,46.66666666666667,11.666666666666668,18.055555555555554,0.7303370786516854
EXACT,46.66666666666667,11.666666666666668,14.277777777777775,0.7378277153558053
EXACT,205.48148148148144,9.518518518518519,2.9444444444444446,0.41198501872659177
EXACT,185.62962962962962,9.518518518518519,2.9444444444444446,0.41947565543071164
EXACT,195.55555555555551,9.518518518518519,3.5740740740740744,0.4606741573033708
EXACT,195.55555555555551,9.518518518518519,2.3148148148148153,0.5655430711610487
EXACT,255.11111111111111,5.222222222222223,4.833333333333334,0.602996254681648
EXACT,195.55555555555551,5.222222222222223,4.833333333333334,0.5468164794007491
EXACT,76.44444444444444,5.222222222222223,10.5,0.6142322097378277
EXACT,16.888888888888896,5.222222222222223,10.5,0.9026217228464419
EXACT,46.66666666666667,5.222222222222223,12.38888888888889,0.6704119850187266
EXACT,46.66666666666667,5.222222222222223,8.61111111111111,0.7116104868913857
EXACT,76.44444444444444,31.0,10.5,0.8876404494382022
EXACT,16.888888888888896,31.0,10.5,1.0
EXACT,46.66666666666667,37.44444444444445,10.5,0.797752808988764
EXACT,46.66666666666667,24.555555555555557,10.5,0.7490636704119851
EXACT,46.66666666666667,31.0,12.38888888888889,0.7415730337078652
EXACT,46.66666666666667,31.0,8.61111111111111,0.7528089887640449
EXACT,195.55555555555551,9.518518518518519,2.9444444444444446,0.3857677902621723
EXACT,192.24691358024685,9.518518518518519,2.9444444444444446,0.42696629213483145
EXACT,195.55555555555551,10.23456790123457,2.9444444444444446,0.3857677902621723
EXACT,195.55555555555551,8.80246913580247,2.9444444444444446,0.38202247191011235
EXACT,195.55555555555551,9.518518518518519,3.1543209876543212,0.3857677902621723
EXACT,195.55555555555551,9.518518518518519,2.734567901234568,0.3857677902621723
EXACT,205.48148148148144,9.518518518518519,3.5740740740740744,0.4794007490636704
EXACT,205.48148148148144,9.518518518518519,2.3148148148148153,0.5318352059925093
EXACT,255.11111111111111,18.11111111111111,2.9444444444444446,0.7453183520599251
EXACT,255.11111111111111,5.222222222222223,2.9444444444444446,0.7340823970037453
EXACT,76.44444444444444,5.222222222222223,16.166666666666664,0.6441947565543071
EXACT,16.888888888888896,5.222222222222223,16.166666666666664,0.8876404494382022
EXACT,46.66666666666667,5.222222222222223,18.055555555555554,0.6928838951310862
EXACT,46.66666666666667,5.222222222222223,14.277777777777775,0.6853932584269663
EXACT,76.44444444444444,31.0,16.166666666666664,0.9213483146067416
EXACT,16.888888888888896,31.0,16.166666666666664,1.0
EXACT,46.66666666666667,37.44444444444445,16.166666666666664,0.8277153558052435
EXACT,46.66666666666667,24.555555555555557,16.166666666666664,0.7677902621722846
EXACT,46.66666666666667,31.0,18.055555555555554,0.850187265917603
EXACT,46.66666666666667,31.0,14.277777777777775,0.7490636704119851
EXACT,198.86419753086417,8.80246913580247,2.9444444444444446,0.39325842696629215
EXACT,198.86419753086417,9.518518518518519,3.1543209876543212,0.3782771535580524
EXACT,198.86419753086417,9.518518518518519,2.734567901234568,0.3782771535580524
EXACT,235.25925925925924,11.666666666666668,2.9444444444444446,0.47191011235955055
EXACT,215.4074074074074,11.666666666666668,2.9444444444444446,0.4232209737827715
EXACT,225.33333333333331,13.814814814814817,2.9444444444444446,0.5168539325842697
EXACT,225.33333333333331,9.518518518518519,2.9444444444444446,0.38202247191011235
EXACT,225.33333333333331,11.666666666666668,3.5740740740740744,0.5655430711610487
EXACT,225.33333333333331,11.666666666666668,2.3148148148148153,0.49063670411985016
EXACT,165.7777777777778,11.666666666666668,6.722222222222222,0.6891385767790262
EXACT,106.22222222222223,11.666666666666668,6.722222222222222,0.700374531835206
EXACT,136.0,18.11111111111111,6.722222222222222,0.7715355805243446
EXACT,136.0,5.222222222222223,6.722222222222222,0.5580524344569289
EXACT,165.7777777777778,11.666666666666668,10.5,0.8164794007490637
EXACT,106.22222222222223,11.666666666666668,10.5,0.7715355805243446
EXACT,136.0,18.11111111111111,10.5,0.8913857677902621
EXACT,136.0,5.222222222222223,10.5,0.5730337078651685
EXACT,136.0,11.666666666666668,12.38888888888889,0.8014981273408239
EXACT,136.0,11.666666666666668,8.61111111111111,0.700374531835206
EXACT,198.86419753086417,9.518518518518519,2.9444444444444446,0.3782771535580524
EXACT,198.86419753086417,10.23456790123457,3.1543209876543212,0.3782771535580524
EXACT,198.86419753086417,10.23456790123457,2.734567901234568,0.3782771535580524
EXACT,235.25925925925924,9.518518518518519,2.9444444444444446,0.3857677902621723
EXACT,215.4074074074074,9.518518518518519,2.9444444444444446,0.4044943820224719
EXACT,225.33333333333331,9.518518518518519,3.5740740740740744,0.4606741573033708
EXACT,225.33333333333331,9.518518518518519,2.3148148148148153,0.4794007490636704
EXACT,165.7777777777778,5.222222222222223,10.5,0.550561797752809
EXACT,106.22222222222223,5.222222222222223,10.5,0.602996254681648
EXACT,136.0,5.222222222222223,12.38888888888889,0.5617977528089888
EXACT,136.0,5.222222222222223,8.61111111111111,0.5430711610486891
EXACT,165.7777777777778,31.0,4.833333333333334,0.8389513108614233
EXACT,106.22222222222223,31.0,4.833333333333334,0.797752808988764
EXACT,136.0,37.44444444444445,4.833333333333334,0.850187265917603
EXACT,136.0,24.555555555555557,4.833333333333334,0.7865168539325843
EXACT,136.0,31.0,6.722222222222222,0.8913857677902621
EXACT,136.0,31.0,2.9444444444444446,0.6741573033707865
EXACT,198.86419753086417,10.23456790123457,2.9444444444444446,0.3782771535580524
EXACT,197.76131687242798,9.518518518518519,2.9444444444444446,0.37453183520599254
EXACT,198.86419753086417,9.757201646090536,2.9444444444444446,0.3782771535580524
EXACT,198.86419753086417,9.279835390946502,2.9444444444444446,0.39325842696629215
EXACT,198.86419753086417,9.518518518518519,3.01440329218107,0.3782771535580524
EXACT,198.86419753086417,9.518518518518519,2.874485596707819,0.3782771535580524
EXACT,235.25925925925924,9.518518518518519,3.5740740740740744,0.5056179775280899
EXACT,235.25925925925924,9.518518518518519,2.3148148148148153,0.50187265917603
EXACT,165.7777777777778,5.222222222222223,8.61111111111111,0.49812734082397003
EXACT,106.22222222222223,5.222222222222223,8.61111111111111,0.5617977528089888
EXACT,165.7777777777778,31.0,2.9444444444444446,0.700374531835206
EXACT,106.22222222222223,31.0,2.9444444444444446,0.651685393258427
EXACT,136.0,37.44444444444445,2.9444444444444446,0.7378277153558053
EXACT,136.0,24.555555555555557,2.9444444444444446,0.651685393258427
EXACT,165.7777777777778,11.666666666666668,16.166666666666664,0.9063670411985019
EXACT,106.22222222222223,11.666666666666668,16.166666666666664,0.8726591760299626
EXACT,136.0,18.11111111111111,16.166666666666664,0.9176029962546817
EXACT,136.0,5.222222222222223,16.166666666666664,0.5655430711610487
EXACT,136.0,11.666666666666668,18.055555555555554,0.8876404494382022
EXACT,136.0,11.666666666666668,14.277777777777775,0.8539325842696629
EXACT,199.9670781893004,9.279835390946502,2.9444444444444446,0.3782771535580524
EXACT,228.64197530864197,9.518518518518519,2.9444444444444446,0.41198501872659177
EXACT,222.02469135802465,9.518518518518519,2.9444444444444446,0.37453183520599254
EXACT,225.33333333333331,10.23456790123457,2.9444444444444446,0.38202247191011235
EXACT,225.33333333333331,8.80246913580247,2.9444444444444446,0.40823970037453183
EXACT,225.33333333333331,9.518518518518519,3.1543209876543212,0.38202247191011235
EXACT,225.33333333333331,9.518518518518519,2.734567901234568,0.38202247191011235
EXACT,215.4074074074074,9.518518518518519,3.5740740740740744,0.4756554307116105
EXACT,215.4074074074074,9.518518518518519,2.3148148148148153,0.5393258426966292
EXACT,165.7777777777778,5.222222222222223,16.166666666666664,0.5430711610486891
EXACT,106.22222222222223,5.222222222222223,16.166666666666664,0.602996254681648
EXACT,136.0,5.222222222222223,18.055555555555554,0.5730337078651685
EXACT,136.0,5.222222222222223,14.277777777777775,0.5805243445692884
EXACT,165.7777777777778,50.33333333333333,4.833333333333334,0.9176029962546817
EXACT,106.22222222222223,50.33333333333333,4.833333333333334,0.8651685393258427
EXACT,136.0,56.77777777777778,4.833333333333334,0.8801498127340824
EXACT,136.0,43.88888888888888,4.833333333333334,0.8689138576779026
EXACT,136.0,50.33333333333333,6.722222222222222,0.9138576779026217
EXACT,136.0,50.33333333333333,2.9444444444444446,0.7528089887640449
EXACT,199.9670781893004,9.518518518518519,2.9444444444444446,0.36704119850187267
EXACT,199.9670781893004,9.757201646090536,3.01440329218107,0.36704119850187267
EXACT,199.9670781893004,9.757201646090536,2.874485596707819,0.36704119850187267
EXACT,222.02469135802465,10.23456790123457,2.9444444444444446,0.37453183520599254
EXACT,222.02469135802465,8.80246913580247,2.9444444444444446,0.4419475655430712
EXACT,222.02469135802465,9.518518518518519,3.1543209876543212,0.37453183520599254
EXACT,222.02469135802465,9.518518518518519,2.734567901234568,0.37453183520599254
EXACT,165.7777777777778,5.222222222222223,18.055555555555554,0.5655430711610487
EXACT,165.7777777777778,5.222222222222223,14.277777777777775,0.5355805243445693
EXACT,76.44444444444444,24.555555555555557,4.833333333333334,0.7265917602996255
EXACT,16.888888888888896,24.555555555555557,4.833333333333334,1.0
EXACT,46.66666666666667,24.555555555555557,6.722222222222222,0.7265917602996255
EXACT,46.66666666666667,24.555555555555557,2.9444444444444446,0.6779026217228464
EXACT,165.7777777777778,31.0,10.5,0.9737827715355806
EXACT,106.22222222222223,31.0,10.5,0.8689138576779026
EXACT,136.0,37.44444444444445,10.5,0.9550561797752809
EXACT,136.0,24.555555555555557,10.5,0.9026217228464419
EXACT,136.0,31.0,12.38888888888889,0.9363295880149812
EXACT,136.0,31.0,8.61111111111111,0.9138576779026217
EXACT,199.9670781893004,9.757201646090536,2.9444444444444446,0.36704119850187267
EXACT,200.33470507544578,9.518518518518519,2.9444444444444446,0.36704119850187267
EXACT,199.599451303155,9.518518518518519,2.9444444444444446,0.36704119850187267
EXACT,199.9670781893004,9.598079561042525,2.9444444444444446,0.36704119850187267
EXACT,199.9670781893004,9.438957475994513,2.9444444444444446,0.3782771535580524
EXACT,199.9670781893004,9.518518518518519,2.9677640603566533,0.36704119850187267
EXACT,199.9670781893004,9.518518518518519,2.9211248285322364,0.36704119850187267
EXACT,223.12757201646087,9.518518518518519,2.9444444444444446,0.3857677902621723
EXACT,220.92181069958843,9.518518518518519,2.9444444444444446,0.3782771535580524
EXACT,222.02469135802465,9.757201646090536,2.9444444444444446,0.37453183520599254
EXACT,222.02469135802465,9.279835390946502,2.9444444444444446,0.4419475655430712
EXACT,222.02469135802465,9.518518518518519,3.01440329218107,0.37453183520599254
EXACT,222.02469135802465,9.518518518518519,2.874485596707819,0.37453183520599254
EXACT,223.12757201646087,9.518518518518519,3.1543209876543212,0.3857677902621723
EXACT,220.92181069958843,9.518518518518519,3.1543209876543212,0.3782771535580524
EXACT,222.02469135802465,9.757201646090536,3.1543209876543212,0.37453183520599254
EXACT,222.02469135802465,9.279835390946502,3.1543209876543212,0.4419475655430712
EXACT,222.02469135802465,9.518518518518519,3.2242798353909468,0.37453183520599254
EXACT,222.02469135802465,9.518518518518519,3.0843621399176957,0.37453183520599254
EXACT,223.12757201646087,9.518518518518519,2.734567901234568,0.3857677902621723
EXACT,220.92181069958843,9.518518518518519,2.734567901234568,0.3782771535580524
EXACT,222.02469135802465,9.757201646090536,2.734567901234568,0.37453183520599254
EXACT,222.02469135802465,9.279835390946502,2.734567901234568,0.4419475655430712
EXACT,222.02469135802465,9.518518518518519,2.804526748971194,0.37453183520599254
EXACT,222.02469135802465,9.518518518518519,2.6646090534979425,0.37453183520599254
EXACT,222.02469135802465,10.23456790123457,3.1543209876543212,0.37453183520599254
EXACT,222.02469135802465,10.23456790123457,2.734567901234568,0.37453183520599254
EXACT,238.56790123456787,9.518518518518519,2.9444444444444446,0.4157303370786517
EXACT,231.95061728395058,9.518518518518519,2.9444444444444446,0.3970037453183521
EXACT,235.25925925925924,10.23456790123457,2.9444444444444446,0.3857677902621723
EXACT,235.25925925925924,8.80246913580247,2.9444444444444446,0.41198501872659177
EXACT,235.25925925925924,9.518518518518519,3.1543209876543212,0.3857677902621723
EXACT,235.25925925925924,9.518518518518519,2.734567901234568,0.3857677902621723
EXACT,165.7777777777778,5.222222222222223,6.722222222222222,0.5355805243445693
EXACT,106.22222222222223,5.222222222222223,6.722222222222222,0.6067415730337079
EXACT,76.44444444444444,37.44444444444445,4.833333333333334,0.8239700374531835
EXACT,16.888888888888896,37.44444444444445,4.833333333333334,1.0
EXACT,46.66666666666667,37.44444444444445,6.722222222222222,0.7415730337078652
EXACT,46.66666666666667,37.44444444444445,2.9444444444444446,0.7228464419475655
EXACT,255.11111111111111,11.666666666666668,10.5,0.9925093632958801
EXACT,195.55555555555551,11.666666666666668,10.5,0.8951310861423221
EXACT,225.33333333333331,18.11111111111111,10.5,0.9850187265917603
EXACT,225.33333333333331,5.222222222222223,10.5,0.5767790262172284
EXACT,225.33333333333331,11.666666666666668,12.38888888888889,0.9775280898876404
EXACT,225.33333333333331,11.666666666666668,8.61111111111111,0.9026217228464419
EXACT,199.9670781893004,9.518518518518519,3.01440329218107,0.36704119850187267
EXACT,200.33470507544578,9.757201646090536,2.9444444444444446,0.36704119850187267
EXACT,199.599451303155,9.757201646090536,2.9444444444444446,0.36704119850187267
EXACT,199.9670781893004,9.836762688614542,2.9444444444444446,0.36704119850187267
EXACT,199.9670781893004,9.67764060356653,2.9444444444444446,0.36704119850187267
EXACT,199.9670781893004,9.757201646090536,2.9677640603566533,0.36704119850187267
EXACT,199.9670781893004,9.757201646090536,2.9211248285322364,0.36704119850187267
EXACT,200.33470507544578,9.518518518518519,3.01440329218107,0.36704119850187267
EXACT,199.599451303155,9.518518518518519,3.01440329218107,0.36704119850187267
EXACT,199.9670781893004,9.598079561042525,3.01440329218107,0.36704119850187267
EXACT,199.9670781893004,9.438957475994513,3.01440329218107,0.3782771535580524
EXACT,199.9670781893004,9.518518518518519,3.037722908093279,0.36704119850187267
EXACT,199.9670781893004,9.518518518518519,2.991083676268862,0.36704119850187267
EXACT,200.33470507544578,9.518518518518519,2.874485596707819,0.36704119850187267
EXACT,199.599451303155,9.518518518518519,2.874485596707819,0.36704119850187267
EXACT,199.9670781893004,9.598079561042525,2.874485596707819,0.36704119850187267
EXACT,199.9670781893004,9.438957475994513,2.874485596707819,0.3782771535580524
EXACT,199.9670781893004,9.518518518518519,2.8978052126200278,0.36704119850187267
EXACT,199.9670781893004,9.518518518518519,2.851165980795611,0.36704119850187267
EXACT,200.33470507544578,9.757201646090536,3.01440329218107,0.36704119850187267
EXACT,199.599451303155,9.757201646090536,3.01440329218107,0.36704119850187267
EXACT,199.9670781893004,9.836762688614542,3.01440329218107,0.36704119850187267
EXACT,199.9670781893004,9.67764060356653,3.01440329218107,0.36704119850187267
EXACT,199.9670781893004,9.757201646090536,3.037722908093279,0.36704119850187267
EXACT,199.9670781893004,9.757201646090536,2.991083676268862,0.36704119850187267
EXACT,200.33470507544578,9.757201646090536,2.874485596707819,0.36704119850187267
EXACT,199.599451303155,9.757201646090536,2.874485596707819,0.36704119850187267
EXACT,199.9670781893004,9.836762688614542,2.874485596707819,0.36704119850187267
EXACT,199.9670781893004,9.67764060356653,2.874485596707819,0.36704119850187267
EXACT,199.9670781893004,9.757201646090536,2.8978052126200278,0.36704119850187267
EXACT,199.9670781893004,9.757201646090536,2.851165980795611,0.36704119850187267
EXACT,197.76131687242798,9.757201646090536,2.9444444444444446,0.37453183520599254
EXACT,197.76131687242798,9.279835390946502,2.9444444444444446,0.39325842696629215
EXACT,197.76131687242798,9.518518518518519,3.01440329218107,0.37453183520599254
EXACT,197.76131687242798,9.518518518518519,2.874485596707819,0.37453183520599254
EXACT,223.12757201646087,9.757201646090536,2.9444444444444446,0.3857677902621723
EXACT,220.92181069958843,9.757201646090536,2.9444444444444446,0.3782771535580524
EXACT,222.02469135802465,9.757201646090536,3.01440329218107,0.37453183520599254
EXACT,222.02469135802465,9.757201646090536,2.874485596707819,0.37453183520599254
EXACT,223.12757201646087,9.757201646090536,3.1543209876543212,0.3857677902621723
EXACT,220.92181069958843,9.757201646090536,3.1543209876543212,0.3782771535580524
EXACT,222.02469135802465,9.757201646090536,3.2242798353909468,0.37453183520599254
EXACT,222.02469135802465,9.757201646090536,3.0843621399176957,0.37453183520599254
EXACT,223.12757201646087,9.757201646090536,2.734567901234568,0.3857677902621723
EXACT,220.92181069958843,9.757201646090536,2.734567901234568,0.3782771535580524
EXACT,222.02469135802465,9.757201646090536,2.804526748971194,0.37453183520599254
EXACT,222.02469135802465,9.757201646090536,2.6646090534979425,0.37453183520599254
EXACT,223.12757201646087,10.23456790123457,2.9444444444444446,0.3857677902621723
EXACT,220.92181069958843,10.23456790123457,2.9444444444444446,0.3782771535580524
EXACT,222.02469135802465,10.473251028806587,2.9444444444444446,0.37453183520599254
EXACT,222.02469135802465,9.995884773662553,2.9444444444444446,0.37453183520599254
EXACT,222.02469135802465,10.23456790123457,3.01440329218107,0.37453183520599254
EXACT,222.02469135802465,10.23456790123457,2.874485596707819,0.37453183520599254
EXACT,223.12757201646087,10.23456790123457,3.1543209876543212,0.3857677902621723
EXACT,220.92181069958843,10.23456790123457,3.1543209876543212,0.3782771535580524
EXACT,222.02469135802465,10.473251028806587,3.1543209876543212,0.37453183520599254
EXACT,222.02469135802465,9.995884773662553,3.1543209876543212,0.37453183520599254
EXACT,222.02469135802465,10.23456790123457,3.2242798353909468,0.37453183520599254
EXACT,222.02469135802465,10.23456790123457,3.0843621399176957,0.37453183520599254
EXACT,223.12757201646087,10.23456790123457,2.734567901234568,0.3857677902621723
EXACT,220.92181069958843,10.23456790123457,2.734567901234568,0.3782771535580524
EXACT,222.02469135802465,10.473251028806587,2.734567901234568,0.37453183520599254
EXACT,222.02469135802465,9.995884773662553,2.734567901234568,0.37453183520599254
EXACT,222.02469135802465,10.23456790123457,2.804526748971194,0.37453183520599254
EXACT,222.02469135802465,10.23456790123457,2.6646090534979425,0.37453183520599254
EXACT,195.55555555555551,8.80246913580247,3.1543209876543212,0.38202247191011235
EXACT,195.55555555555551,8.80246913580247,2.734567901234568,0.38202247191011235
EXACT,225.33333333333331,10.23456790123457,3.1543209876543212,0.38202247191011235
EXACT,225.33333333333331,10.23456790123457,2.734567901234568,0.38202247191011235
EXACT,238.56790123456787,10.23456790123457,2.9444444444444446,0.4157303370786517
EXACT,231.95061728395058,10.23456790123457,2.9444444444444446,0.3970037453183521
EXACT,235.25925925925924,10.23456790123457,3.1543209876543212,0.3857677902621723
EXACT,235.25925925925924,10.23456790123457,2.734567901234568,0.3857677902621723
EXACT,255.11111111111111,5.222222222222223,10.5,0.6666666666666666
EXACT,195.55555555555551,5.222222222222223,10.5,0.5355805243445693
EXACT,225.33333333333331,5.222222222222223,12.38888888888889,0.5842696629213483
EXACT,225.33333333333331,5.222222222222223,8.61111111111111,0.5280898876404494
EXACT,255.11111111111111,31.0,4.833333333333334,0.9925093632958801
EXACT,195.55555555555551,31.0,4.833333333333334,0.9363295880149812
EXACT,225.33333333333331,37.44444444444445,4.833333333333334,0.9850187265917603
EXACT,225.33333333333331,24.555555555555557,4.833333333333334,0.9325842696629213
EXACT,225.33333333333331,31.0,6.722222222222222,0.9925093632958801
EXACT,225.33333333333331,31.0,2.9444444444444446,0.8426966292134831
EXACT,199.9670781893004,9.518518518518519,2.874485596707819,0.36704119850187267
CLASSIC,136.0,31.0,10.5,0.9850187265917603
CLASSIC,225.33333333333331,31.0,10.5,1.0
CLASSIC,136.0,50.33333333333333,10.5,0.9925093632958801
CLASSIC,136.0,11.666666666666668,10.5,0.9026217228464419
CLASSIC,136.0,31.0,16.166666666666664,0.9925093632958801
CLASSIC,136.0,31.0,4.833333333333334,0.9325842696629213
CLASSIC,46.66666666666667,31.0,10.5,0.8576779026217228
CLASSIC,46.66666666666667,50.33333333333333,10.5,1.0
CLASSIC,46.66666666666667,31.0,16.166666666666664,0.8576779026217228
CLASSIC,46.66666666666667,31.0,4.833333333333334,0.7528089887640449
CLASSIC,46.66666666666667,11.666666666666668,10.5,0.7415730337078652
CLASSIC,46.66666666666667,11.666666666666668,16.166666666666664,0.7528089887640449
CLASSIC,225.33333333333331,50.33333333333333,10.5,1.0
CLASSIC,225.33333333333331,11.666666666666668,10.5,1.0
CLASSIC,225.33333333333331,31.0,16.166666666666664,1.0
CLASSIC,225.33333333333331,31.0,4.833333333333334,0.9887640449438202
CLASSIC,46.66666666666667,11.666666666666668,4.833333333333334,0.6853932584269663
CLASSIC,76.44444444444444,11.666666666666668,4.833333333333334,0.6853932584269663
CLASSIC,16.888888888888896,11.666666666666668,4.833333333333334,0.8352059925093633
CLASSIC,46.66666666666667,18.11111111111111,4.833333333333334,0.6966292134831461
CLASSIC,46.66666666666667,5.222222222222223,4.833333333333334,0.7602996254681648
CLASSIC,46.66666666666667,11.666666666666668,2.9444444444444446,0.7565543071161048
CLASSIC,136.0,11.666666666666668,16.166666666666664,0.9325842696629213
CLASSIC,136.0,11.666666666666668,4.833333333333334,0.8014981273408239
CLASSIC,76.44444444444444,11.666666666666668,6.722222222222222,0.6928838951310862
CLASSIC,16.888888888888896,11.666666666666668,6.722222222222222,0.8089887640449438
CLASSIC,46.66666666666667,18.11111111111111,6.722222222222222,0.7677902621722846
CLASSIC,46.66666666666667,5.222222222222223,6.722222222222222,0.6966292134831461
CLASSIC,225.33333333333331,50.33333333333333,4.833333333333334,1.0
CLASSIC,225.33333333333331,11.666666666666668,4.833333333333334,0.8913857677902621
CLASSIC,46.66666666666667,11.666666666666668,6.722222222222222,0.6779026217228464
CLASSIC,56.592592592592595,11.666666666666668,6.722222222222222,0.7078651685393258
CLASSIC,36.74074074074075,11.666666666666668,6.722222222222222,0.7303370786516854
CLASSIC,46.66666666666667,13.814814814814817,6.722222222222222,0.7228464419475655
CLASSIC,46.66666666666667,9.518518518518519,6.722222222222222,0.700374531835206
CLASSIC,46.66666666666667,11.666666666666668,7.351851851851852,0.6779026217228464
CLASSIC,46.66666666666667,11.666666666666668,6.092592592592593,0.7078651685393258
CLASSIC,76.44444444444444,18.11111111111111,4.833333333333334,0.7677902621722846
CLASSIC,76.44444444444444,5.222222222222223,4.833333333333334,0.6966292134831461
CLASSIC,76.44444444444444,11.666666666666668,10.5,0.7790262172284644
CLASSIC,16.888888888888896,11.666666666666668,10.5,0.7453183520599251
CLASSIC,46.66666666666667,18.11111111111111,10.5,0.7602996254681648
CLASSIC,46.66666666666667,11.666666666666668,12.38888888888889,0.7378277153558053
CLASSIC,46.66666666666667,11.666666666666668,8.61111111111111,0.7415730337078652
CLASSIC,136.0,50.33333333333333,16.166666666666664,1.0
CLASSIC,136.0,50.33333333333333,4.833333333333334,0.9662921348314607
CLASSIC,46.66666666666667,5.222222222222223,10.5,0.6741573033707865
CLASSIC,16.888888888888896,5.222222222222223,10.5,0.8539325842696629
CLASSIC,46.66666666666667,5.222222222222223,12.38888888888889,0.6779026217228464
CLASSIC,46.66666666666667,5.222222222222223,8.61111111111111,0.7116104868913857
CLASSIC,46.66666666666667,50.33333333333333,16.166666666666664,1.0
CLASSIC,46.66666666666667,50.33333333333333,4.833333333333334,1.0
CLASSIC,225.33333333333331,50.33333333333333,16.166666666666664,1.0
CLASSIC,225.33333333333331,11.666666666666668,16.166666666666664,1.0
CLASSIC,76.44444444444444,5.222222222222223,12.38888888888889,0.6779026217228464
CLASSIC,76.44444444444444,5.222222222222223,8.61111111111111,0.6966292134831461
CLASSIC,76.44444444444444,31.0,4.833333333333334,0.8239700374531835
CLASSIC,16.888888888888896,31.0,4.833333333333334,1.0
CLASSIC,46.66666666666667,37.44444444444445,4.833333333333334,0.7827715355805244
CLASSIC,46.66666666666667,24.555555555555557,4.833333333333334,0.7191011235955056
CLASSIC,46.66666666666667,31.0,6.722222222222222,0.7640449438202247
CLASSIC,46.66666666666667,31.0,2.9444444444444446,0.7640449438202247
CLASSIC,76.44444444444444,11.666666666666668,16.166666666666664,0.8614232209737828
CLASSIC,16.888888888888896,11.666666666666668,16.166666666666664,0.7640449438202247
CLASSIC,46.66666666666667,18.11111111111111,16.166666666666664,0.8239700374531835
CLASSIC,46.66666666666667,5.222222222222223,16.166666666666664,0.6966292134831461
CLASSIC,46.66666666666667,11.666666666666668,18.055555555555554,0.7415730337078652
CLASSIC,46.66666666666667,11.666666666666668,14.277777777777775,0.7415730337078652
CLASSIC,76.44444444444444,5.222222222222223,10.5,0.6704119850187266
CLASSIC,86.37037037037037,5.222222222222223,10.5,0.6554307116104869
CLASSIC,66.51851851851852,5.222222222222223,10.5,0.6704119850187266
CLASSIC,76.44444444444444,7.370370370370372,10.5,0.7453183520599251
CLASSIC,76.44444444444444,3.0740740740740757,10.5,0.8801498127340824
CLASSIC,76.44444444444444,5.222222222222223,11.129629629629628,0.6704119850187266
CLASSIC,76.44444444444444,5.222222222222223,9.87037037037037,0.6779026217228464
CLASSIC,76.44444444444444,5.222222222222223,16.166666666666664,0.6966292134831461
CLASSIC,16.888888888888896,5.222222222222223,16.166666666666664,0.8539325842696629
CLASSIC,46.66666666666667,5.222222222222223,18.055555555555554,0.6928838951310862
CLASSIC,46.66666666666667,5.222222222222223,14.277777777777775,0.704119850187266
CLASSIC,165.7777777777778,11.666666666666668,4.833333333333334,0.797752808988764
CLASSIC,106.22222222222223,11.666666666666668,4.833333333333334,0.7453183520599251
CLASSIC,136.0,18.11111111111111,4.833333333333334,0.8352059925093633
CLASSIC,136.0,5.222222222222223,4.833333333333334,0.6554307116104869
CLASSIC,136.0,11.666666666666668,6.722222222222222,0.8089887640449438
CLASSIC,165.7777777777778,11.666666666666668,2.9444444444444446,0.6629213483146067
CLASSIC,106.22222222222223,11.666666666666668,2.9444444444444446,0.6779026217228464
CLASSIC,136.0,18.11111111111111,2.9444444444444446,0.7528089887640449
CLASSIC,136.0,5.222222222222223,2.9444444444444446,0.7303370786516854
CLASSIC,76.44444444444444,31.0,10.5,0.8838951310861424
CLASSIC,16.888888888888896,31.0,10.5,1.0
CLASSIC,46.66666666666667,37.44444444444445,10.5,0.8614232209737828
CLASSIC,46.66666666666667,24.555555555555557,10.5,0.7902621722846442
CLASSIC,46.66666666666667,31.0,12.38888888888889,0.8164794007490637
CLASSIC,46.66666666666667,31.0,8.61111111111111,0.8352059925093633
CLASSIC,76.44444444444444,31.0,16.166666666666664,0.9250936329588015
CLASSIC,16.888888888888896,31.0,16.166666666666664,1.0
CLASSIC,46.66666666666667,37.44444444444445,16.166666666666664,0.8913857677902621
CLASSIC,46.66666666666667,24.555555555555557,16.166666666666664,0.846441947565543
CLASSIC,46.66666666666667,31.0,18.055555555555554,0.9063670411985019
CLASSIC,46.66666666666667,31.0,14.277777777777775,0.8277153558052435
CLASSIC,145.92592592592592,11.666666666666668,2.9444444444444446,0.700374531835206
CLASSIC,126.07407407407408,11.666666666666668,2.9444444444444446,0.700374531835206
CLASSIC,136.0,13.814814814814817,2.9444444444444446,0.6928838951310862
CLASSIC,136.0,9.518518518518519,2.9444444444444446,0.6404494382022472
CLASSIC,136.0,11.666666666666668,3.5740740740740744,0.6629213483146067
CLASSIC,136.0,11.666666666666668,2.3148148148148153,0.9063670411985019
CLASSIC,165.7777777777778,5.222222222222223,4.833333333333334,0.6779026217228464
CLASSIC,106.22222222222223,5.222222222222223,4.833333333333334,0.6779026217228464
CLASSIC,76.44444444444444,24.555555555555557,4.833333333333334,0.797752808988764
CLASSIC,16.888888888888896,24.555555555555557,4.833333333333334,1.0
CLASSIC,46.66666666666667,24.555555555555557,6.722222222222222,0.7827715355805244
CLASSIC,46.66666666666667,24.555555555555557,2.9444444444444446,0.704119850187266
CLASSIC,255.11111111111111,11.666666666666668,4.833333333333334,0.9550561797752809
CLASSIC,195.55555555555551,11.666666666666668,4.833333333333334,0.8764044943820225
CLASSIC,225.33333333333331,18.11111111111111,4.833333333333334,0.9775280898876404
CLASSIC,225.33333333333331,5.222222222222223,4.833333333333334,0.7228464419475655
CLASSIC,225.33333333333331,11.666666666666668,6.722222222222222,0.951310861423221
CLASSIC,225.33333333333331,11.666666666666668,2.9444444444444446,0.7865168539325843
CLASSIC,136.0,11.666666666666668,2.9444444444444446,0.6404494382022472
CLASSIC,126.07407407407408,9.518518518518519,2.9444444444444446,0.6254681647940075
CLASSIC,136.0,9.518518518518519,3.5740740740740744,0.700374531835206
CLASSIC,136.0,9.518518518518519,2.3148148148148153,0.9176029962546817
CLASSIC,165.7777777777778,18.11111111111111,2.9444444444444446,0.7790262172284644
CLASSIC,165.7777777777778,5.222222222222223,2.9444444444444446,0.7191011235955056
CLASSIC,255.11111111111111,5.222222222222223,4.833333333333334,0.8089887640449438
CLASSIC,195.55555555555551,5.222222222222223,4.833333333333334,0.6966292134831461
CLASSIC,225.33333333333331,5.222222222222223,6.722222222222222,0.7153558052434457
CLASSIC,225.33333333333331,5.222222222222223,2.9444444444444446,0.700374531835206
CLASSIC,165.7777777777778,11.666666666666668,10.5,0.9176029962546817
CLASSIC,106.22222222222223,11.666666666666668,10.5,0.8651685393258427
CLASSIC,136.0,18.11111111111111,10.5,0.9400749063670412
CLASSIC,136.0,5.222222222222223,10.5,0.6666666666666666
CLASSIC,136.0,11.666666666666668,12.38888888888889,0.9176029962546817
CLASSIC,136.0,11.666666666666668,8.61111111111111,0.8539325842696629
CLASSIC,145.92592592592592,9.518518518518519,3.5740740740740744,0.700374531835206
CLASSIC,145.92592592592592,9.518518518518519,2.3148148148148153,0.8539325842696629
CLASSIC,165.7777777777778,5.222222222222223,10.5,0.704119850187266
CLASSIC,106.22222222222223,5.222222222222223,10.5,0.6254681647940075
CLASSIC,136.0,5.222222222222223,12.38888888888889,0.6779026217228464
CLASSIC,136.0,5.222222222222223,8.61111111111111,0.7116104868913857
CLASSIC,165.7777777777778,11.666666666666668,16.166666666666664,0.9662921348314607
CLASSIC,106.22222222222223,11.666666666666668,16.166666666666664,0.9138576779026217
CLASSIC,136.0,18.11111111111111,16.166666666666664,0.9925093632958801
CLASSIC,136.0,5.222222222222223,16.166666666666664,0.6779026217228464
CLASSIC,136.0,11.666666666666668,18.055555555555554,0.9063670411985019
CLASSIC,136.0,11.666666666666668,14.277777777777775,0.9400749063670412
CLASSIC,149.23456790123456,9.518518518518519,2.9444444444444446,0.599250936329588
CLASSIC,142.61728395061726,9.518518518518519,2.9444444444444446,0.6554307116104869
CLASSIC,145.92592592592592,8.80246913580247,2.9444444444444446,0.6404494382022472
CLASSIC,106.22222222222223,5.222222222222223,12.38888888888889,0.700374531835206
CLASSIC,106.22222222222223,5.222222222222223,8.61111111111111,0.6741573033707865
CLASSIC,165.7777777777778,5.222222222222223,16.166666666666664,0.6779026217228464
CLASSIC,106.22222222222223,5.222222222222223,16.166666666666664,0.6591760299625468
CLASSIC,136.0,5.222222222222223,18.055555555555554,0.6966292134831461
CLASSIC,136.0,5.222222222222223,14.277777777777775,0.6816479400749064
CLASSIC,165.7777777777778,31.0,4.833333333333334,0.9438202247191011
CLASSIC,106.22222222222223,31.0,4.833333333333334,0.8876404494382022
CLASSIC,136.0,37.44444444444445,4.833333333333334,0.9400749063670412
CLASSIC,136.0,24.555555555555557,4.833333333333334,0.9101123595505618
CLASSIC,136.0,31.0,6.722222222222222,0.951310861423221
CLASSIC,136.0,31.0,2.9444444444444446,0.850187265917603
CLASSIC,149.23456790123456,10.23456790123457,2.9444444444444446,0.599250936329588
CLASSIC,142.61728395061726,10.23456790123457,2.9444444444444446,0.6554307116104869
CLASSIC,106.22222222222223,5.222222222222223,18.055555555555554,0.6966292134831461
CLASSIC,106.22222222222223,5.222222222222223,14.277777777777775,0.6704119850187266
CLASSIC,76.44444444444444,11.666666666666668,2.9444444444444446,0.6179775280898876
CLASSIC,16.888888888888896,11.666666666666668,2.9444444444444446,0.9138576779026217
CLASSIC,46.66666666666667,18.11111111111111,2.9444444444444446,0.6966292134831461
CLASSIC,46.66666666666667,5.222222222222223,2.9444444444444446,0.9213483146067416
CLASSIC,165.7777777777778,50.33333333333333,4.833333333333334,1.0
CLASSIC,106.22222222222223,50.33333333333333,4.833333333333334,0.9288389513108615
CLASSIC,136.0,56.77777777777778,4.833333333333334,0.9775280898876404
CLASSIC,136.0,43.88888888888888,4.833333333333334,0.9775280898876404
CLASSIC,136.0,50.33333333333333,6.722222222222222,0.9850187265917603
CLASSIC,136.0,50.33333333333333,2.9444444444444446,0.9288389513108615
CLASSIC,149.23456790123456,9.518518518518519,3.1543209876543212,0.599250936329588
CLASSIC,142.61728395061726,9.518518518518519,3.1543209876543212,0.6554307116104869
CLASSIC,149.23456790123456,9.518518518518519,2.734567901234568,0.599250936329588
CLASSIC,142.61728395061726,9.518518518518519,2.734567901234568,0.6554307116104869
CLASSIC,149.23456790123456,10.23456790123457,3.1543209876543212,0.599250936329588
CLASSIC,142.61728395061726,10.23456790123457,3.1543209876543212,0.6554307116104869
CLASSIC,149.23456790123456,10.23456790123457,2.734567901234568,0.599250936329588
CLASSIC,142.61728395061726,10.23456790123457,2.734567901234568,0.6554307116104869
CLASSIC,76.44444444444444,18.11111111111111,2.9444444444444446,0.704119850187266
CLASSIC,76.44444444444444,5.222222222222223,2.9444444444444446,0.7677902621722846
CLASSIC,76.44444444444444,18.11111111111111,10.5,0.8389513108614233
CLASSIC,16.888888888888896,18.11111111111111,10.5,1.0
CLASSIC,46.66666666666667,18.11111111111111,12.38888888888889,0.7827715355805244
CLASSIC,46.66666666666667,18.11111111111111,8.61111111111111,0.7565543071161048
CLASSIC,165.7777777777778,31.0,10.5,1.0
CLASSIC,106.22222222222223,31.0,10.5,0.9400749063670412
CLASSIC,136.0,37.44444444444445,10.5,1.0
CLASSIC,136.0,24.555555555555557,10.5,0.9700374531835206
CLASSIC,136.0,31.0,12.38888888888889,0.9850187265917603
CLASSIC,136.0,31.0,8.61111111111111,0.9700374531835206
CLASSIC,145.92592592592592,9.518518518518519,3.1543209876543212,0.5880149812734082
CLASSIC,147.02880658436212,9.518518518518519,2.9444444444444446,0.6104868913857678
CLASSIC,144.8230452674897,9.518518518518519,2.9444444444444446,0.6404494382022472
CLASSIC,145.92592592592592,9.757201646090536,2.9444444444444446,0.5880149812734082
CLASSIC,145.92592592592592,9.279835390946502,2.9444444444444446,0.6404494382022472
CLASSIC,145.92592592592592,9.518518518518519,3.01440329218107,0.5880149812734082
CLASSIC,145.92592592592592,9.518518518518519,2.874485596707819,0.5880149812734082
CLASSIC,147.02880658436212,10.23456790123457,2.734567901234568,0.6104868913857678
CLASSIC,144.8230452674897,10.23456790123457,2.734567901234568,0.6404494382022472
CLASSIC,145.92592592592592,10.473251028806587,2.734567901234568,0.5880149812734082
CLASSIC,145.92592592592592,9.995884773662553,2.734567901234568,0.5880149812734082
CLASSIC,145.92592592592592,10.23456790123457,2.804526748971194,0.5880149812734082
CLASSIC,145.92592592592592,10.23456790123457,2.6646090534979425,0.5880149812734082
CLASSIC,86.37037037037037,11.666666666666668,2.9444444444444446,0.6441947565543071
CLASSIC,66.51851851851852,11.666666666666668,2.9444444444444446,0.651685393258427
CLASSIC,76.44444444444444,13.814814814814817,2.9444444444444446,0.6779026217228464
CLASSIC,76.44444444444444,9.518518518518519,2.9444444444444446,0.6217228464419475
CLASSIC,76.44444444444444,11.666666666666668,3.5740740740740744,0.704119850187266
CLASSIC,76.44444444444444,11.666666666666668,2.3148148148148153,0.947565543071161
CLASSIC,106.22222222222223,18.11111111111111,2.9444444444444446,0.7490636704119851
CLASSIC,106.22222222222223,5.222222222222223,2.9444444444444446,0.7827715355805244
CLASSIC,165.7777777777778,5.222222222222223,18.055555555555554,0.7265917602996255
CLASSIC,165.7777777777778,5.222222222222223,14.277777777777775,0.700374531835206
CLASSIC,76.44444444444444,37.44444444444445,4.833333333333334,0.8801498127340824
CLASSIC,16.888888888888896,37.44444444444445,4.833333333333334,1.0
CLASSIC,46.66666666666667,37.44444444444445,6.722222222222222,0.8164794007490637
CLASSIC,46.66666666666667,37.44444444444445,2.9444444444444446,0.7378277153558053
CLASSIC,255.11111111111111,31.0,4.833333333333334,1.0
CLASSIC,195.55555555555551,31.0,4.833333333333334,0.9775280898876404
CLASSIC,225.33333333333331,37.44444444444445,4.833333333333334,0.9925093632958801
CLASSIC,225.33333333333331,24.555555555555557,4.833333333333334,0.9962546816479401
CLASSIC,225.33333333333331,31.0,6.722222222222222,1.0
CLASSIC,225.33333333333331,31.0,2.9444444444444446,0.9850187265917603
CLASSIC,145.92592592592592,9.518518518518519,2.734567901234568,0.5880149812734082
CLASSIC,147.02880658436212,10.23456790123457,3.1543209876543212,0.6104868913857678
CLASSIC,144.8230452674897,10.23456790123457,3.1543209876543212,0.6404494382022472
CLASSIC,145.92592592592592,10.473251028806587,3.1543209876543212,0.5880149812734082
CLASSIC,145.92592592592592,9.995884773662553,3.1543209876543212,0.5880149812734082
CLASSIC,145.92592592592592,10.23456790123457,3.2242798353909468,0.5880149812734082
CLASSIC,145.92592592592592,10.23456790123457,3.0843621399176957,0.5880149812734082
CLASSIC,116.14814814814815,5.222222222222223,10.5,0.6816479400749064
CLASSIC,96.2962962962963,5.222222222222223,10.5,0.6404494382022472
CLASSIC,106.22222222222223,7.370370370370372,10.5,0.7078651685393258
CLASSIC,106.22222222222223,3.0740740740740757,10.5,0.8764044943820225
CLASSIC,106.22222222222223,5.222222222222223,11.129629629629628,0.6254681647940075
CLASSIC,106.22222222222223,5.222222222222223,9.87037037037037,0.6704119850187266
CLASSIC,76.44444444444444,18.11111111111111,6.722222222222222,0.7827715355805244
CLASSIC,76.44444444444444,5.222222222222223,6.722222222222222,0.6441947565543071
CLASSIC,76.44444444444444,5.222222222222223,18.055555555555554,0.704119850187266
CLASSIC,16.888888888888896,5.222222222222223,18.055555555555554,0.8389513108614233
CLASSIC,76.44444444444444,24.555555555555557,10.5,0.9063670411985019
CLASSIC,16.888888888888896,24.555555555555557,10.5,1.0
CLASSIC,46.66666666666667,24.555555555555557,12.38888888888889,0.8014981273408239
CLASSIC,46.66666666666667,24.555555555555557,8.61111111111111,0.7490636704119851
CLASSIC,165.7777777777778,50.33333333333333,10.5,1.0
CLASSIC,106.22222222222223,50.33333333333333,10.5,0.9925093632958801
CLASSIC,136.0,56.77777777777778,10.5,1.0
CLASSIC,136.0,43.88888888888888,10.5,0.9925093632958801
CLASSIC,136.0,50.33333333333333,12.38888888888889,1.0
CLASSIC,136.0,50.33333333333333,8.61111111111111,1.0
CLASSIC,165.7777777777778,31.0,16.166666666666664,1.0
CLASSIC,106.22222222222223,31.0,16.166666666666664,0.951310861423221
CLASSIC,136.0,37.44444444444445,16.166666666666664,1.0
CLASSIC,136.0,24.555555555555557,16.166666666666664,1.0
CLASSIC,136.0,31.0,18.055555555555554,1.0
CLASSIC,136.0,31.0,14.277777777777775,0.9887640449438202
CLASSIC,145.92592592592592,9.518518518518519,2.9444444444444446,0.5880149812734082
CLASSIC,147.02880658436212,10.23456790123457,2.9444444444444446,0.6104868913857678
CLASSIC,144.8230452674897,10.23456790123457,2.9444444444444446,0.6404494382022472
CLASSIC,145.92592592592592,10.473251028806587,2.9444444444444446,0.5880149812734082
CLASSIC,145.92592592592592,9.995884773662553,2.9444444444444446,0.5880149812734082
CLASSIC,145.92592592592592,10.23456790123457,3.01440329218107,0.5880149812734082
CLASSIC,145.92592592592592,10.23456790123457,2.874485596707819,0.5880149812734082
CLASSIC,86.37037037037037,9.518518518518519,2.9444444444444446,0.6629213483146067
CLASSIC,66.51851851851852,9.518518518518519,2.9444444444444446,0.602996254681648
CLASSIC,76.44444444444444,9.518518518518519,3.5740740740740744,0.651685393258427
CLASSIC,76.44444444444444,9.518518518518519,2.3148148148148153,0.9026217228464419
CLASSIC,195.55555555555551,5.222222222222223,6.722222222222222,0.6479400749063671
CLASSIC,195.55555555555551,5.222222222222223,2.9444444444444446,0.7191011235955056
CLASSIC,165.7777777777778,11.666666666666668,6.722222222222222,0.8651685393258427
CLASSIC,106.22222222222223,11.666666666666668,6.722222222222222,0.8052434456928839
CLASSIC,136.0,18.11111111111111,6.722222222222222,0.8726591760299626
CLASSIC,136.0,5.222222222222223,6.722222222222222,0.6704119850187266
CLASSIC,255.11111111111111,11.666666666666668,16.166666666666664,1.0
CLASSIC,195.55555555555551,11.666666666666668,16.166666666666664,1.0
CLASSIC,225.33333333333331,18.11111111111111,16.166666666666664,1.0
CLASSIC,225.33333333333331,5.222222222222223,16.166666666666664,0.7640449438202247
CLASSIC,225.33333333333331,11.666666666666668,18.055555555555554,1.0
CLASSIC,225.33333333333331,11.666666666666668,14.277777777777775,0.9925093632958801
CLASSIC,145.92592592592592,10.23456790123457,3.1543209876543212,0.5880149812734082
CLASSIC,147.02880658436212,9.518518518518519,3.1543209876543212,0.6104868913857678
CLASSIC,144.8230452674897,9.518518518518519,3.1543209876543212,0.6404494382022472
CLASSIC,145.92592592592592,9.757201646090536,3.1543209876543212,0.5880149812734082
CLASSIC,145.92592592592592,9.279835390946502,3.1543209876543212,0.6404494382022472
CLASSIC,145.92592592592592,9.518518518518519,3.2242798353909468,0.5880149812734082
CLASSIC,145.92592592592592,9.518518518518519,3.0843621399176957,0.5880149812734082
CLASSIC,66.51851851851852,9.518518518518519,3.5740740740740744,0.6816479400749064
CLASSIC,66.51851851851852,9.518518518518519,2.3148148148148153,0.8389513108614233
CLASSIC,165.7777777777778,5.222222222222223,6.722222222222222,0.6704119850187266
CLASSIC,106.22222222222223,5.222222222222223,6.722222222222222,0.6779026217228464
CLASSIC,255.11111111111111,5.222222222222223,16.166666666666664,0.9325842696629213
CLASSIC,195.55555555555551,5.222222222222223,16.166666666666664,0.7078651685393258
CLASSIC,225.33333333333331,5.222222222222223,18.055555555555554,0.7865168539325843
CLASSIC,225.33333333333331,5.222222222222223,14.277777777777775,0.7752808988764045
CLASSIC,255.11111111111111,31.0,10.5,1.0
CLASSIC,195.55555555555551,31.0,10.5,1.0
CLASSIC,225.33333333333331,37.44444444444445,10.5,1.0
CLASSIC,225.33333333333331,24.555555555555557,10.5,1.0
CLASSIC,225.33333333333331,31.0,12.38888888888889,1.0
CLASSIC,225.33333333333331,31.0,8.61111111111111,1.0
CLASSIC,76.44444444444444,50.33333333333333,10.5,0.9625468164794008
CLASSIC,16.888888888888896,50.33333333333333,10.5,1.0
CLASSIC,46.66666666666667,56.77777777777778,10.5,1.0
CLASSIC,46.66666666666667,43.88888888888888,10.5,0.8726591760299626
CLASSIC,46.66666666666667,50.33333333333333,12.38888888888889,1.0
CLASSIC,46.66666666666667,50.33333333333333,8.61111111111111,1.0
CLASSIC,255.11111111111111,50.33333333333333,10.5,1.0
CLASSIC,195.55555555555551,50.33333333333333,10.5,1.0
CLASSIC,225.33333333333331,56.77777777777778,10.5,1.0
CLASSIC,225.33333333333331,43.88888888888888,10.5,1.0
CLASSIC,225.33333333333331,50.33333333333333,12.38888888888889,1.0
CLASSIC,225.33333333333331,50.33333333333333,8.61111111111111,1.0
CLASSIC,255.11111111111111,11.666666666666668,10.5,1.0
CLASSIC,195.55555555555551,11.666666666666668,10.5,0.9887640449438202
CLASSIC,225.33333333333331,18.11111111111111,10.5,1.0
CLASSIC,225.33333333333331,5.222222222222223,10.5,0.700374531835206
CLASSIC,225.33333333333331,11.666666666666668,12.38888888888889,1.0
CLASSIC,225.33333333333331,11.666666666666668,8.61111111111111,0.9775280898876404
CLASSIC,255.11111111111111,31.0,16.166666666666664,1.0
CLASSIC,195.55555555555551,31.0,16.166666666666664,1.0
CLASSIC,225.33333333333331,37.44444444444445,16.166666666666664,1.0
CLASSIC,225.33333333333331,24.555555555555557,16.166666666666664,1.0
CLASSIC,225.33333333333331,31.0,18.055555555555554,1.0
CLASSIC,225.33333333333331,31.0,14.277777777777775,1.0
CLASSIC,255.11111111111111,50.33333333333333,4.833333333333334,1.0
CLASSIC,195.55555555555551,50.33333333333333,4.833333333333334,1.0
CLASSIC,225.33333333333331,56.77777777777778,4.833333333333334,1.0
CLASSIC,225.33333333333331,43.88888888888888,4.833333333333334,1.0
CLASSIC,225.33333333333331,50.33333333333333,6.722222222222222,1.0
CLASSIC,225.33333333333331,50.33333333333333,2.9444444444444446,0.9925093632958801
CLASSIC,165.7777777777778,50.33333333333333,16.166666666666664,1.0
CLASSIC,106.22222222222223,50.33333333333333,16.166666666666664,1.0
CLASSIC,136.0,56.77777777777778,16.166666666666664,1.0
CLASSIC,136.0,43.88888888888888,16.166666666666664,1.0
CLASSIC,136.0,50.33333333333333,18.055555555555554,1.0
CLASSIC,136.0,50.33333333333333,14.277777777777775,1.0
CLASSIC,76.44444444444444,50.33333333333333,16.166666666666664,0.9925093632958801
CLASSIC,16.888888888888896,50.33333333333333,16.166666666666664,1.0
CLASSIC,46.66666666666667,56.77777777777778,16.166666666666664,1.0
CLASSIC,46.66666666666667,43.88888888888888,16.166666666666664,0.9213483146067416
CLASSIC,46.66666666666667,50.33333333333333,18.055555555555554,1.0
CLASSIC,46.66666666666667,50.33333333333333,14.277777777777775,1.0
CLASSIC,76.44444444444444,50.33333333333333,4.833333333333334,0.8689138576779026
CLASSIC,16.888888888888896,50.33333333333333,4.833333333333334,1.0
CLASSIC,46.66666666666667,56.77777777777778,4.833333333333334,1.0
CLASSIC,46.66666666666667,43.88888888888888,4.833333333333334,0.8352059925093633
CLASSIC,46.66666666666667,50.33333333333333,6.722222222222222,1.0
CLASSIC,46.66666666666667,50.33333333333333,2.9444444444444446,1.0
CLASSIC,255.11111111111111,50.33333333333333,16.166666666666664,1.0
CLASSIC,195.55555555555551,50.33333333333333,16.166666666666664,1.0
CLASSIC,225.33333333333331,56.77777777777778,16.166666666666664,1.0
CLASSIC,225.33333333333331,43.88888888888888,16.166666666666664,1.0
CLASSIC,225.33333333333331,50.33333333333333,18.055555555555554,1.0
CLASSIC,225.33333333333331,50.33333333333333,14.277777777777775,1.0
CLASSIC,145.92592592592592,10.23456790123457,2.734567901234568,0.5880149812734082
CLASSIC,147.02880658436212,9.518518518518519,2.734567901234568,0.6104868913857678
CLASSIC,144.8230452674897,9.518518518518519,2.734567901234568,0.6404494382022472
CLASSIC,145.92592592592592,9.757201646090536,2.734567901234568,0.5880149812734082
CLASSIC,145.92592592592592,9.279835390946502,2.734567901234568,0.6404494382022472
CLASSIC,145.92592592592592,9.518518518518519,2.804526748971194,0.5880149812734082
CLASSIC,145.92592592592592,9.518518518518519,2.6646090534979425,0.5880149812734082
CLASSIC,255.11111111111111,5.222222222222223,10.5,0.8539325842696629
CLASSIC,195.55555555555551,5.222222222222223,10.5,0.7265917602996255
CLASSIC,225.33333333333331,5.222222222222223,12.38888888888889,0.7602996254681648
CLASSIC,225.33333333333331,5.222222222222223,8.61111111111111,0.7228464419475655
CLASSIC,145.92592592592592,10.23456790123457,2.9444444444444446,0.5880149812734082
