CLASSIC,158.5,21.0,10.5,0.9620535714285714
CLASSIC,262.8333333333333,21.0,10.5,0.9888392857142857
CLASSIC,54.16666666666667,21.0,10.5,0.8102678571428571
CLASSIC,158.5,33.666666666666664,10.5,0.9888392857142857
CLASSIC,158.5,21.0,16.166666666666664,0.9933035714285714
CLASSIC,158.5,21.0,4.833333333333334,0.84375
CLASSIC,158.5,8.333333333333334,10.5,0.6450892857142857
CLASSIC,262.8333333333333,8.333333333333334,10.5,0.8381696428571429
CLASSIC,54.16666666666667,8.333333333333334,10.5,0.7321428571428571
CLASSIC,158.5,8.333333333333334,16.166666666666664,0.7321428571428571
CLASSIC,262.8333333333333,8.333333333333334,4.833333333333334,0.5625
CLASSIC,54.16666666666667,8.333333333333334,4.833333333333334,0.7991071428571429
CLASSIC,262.8333333333333,33.666666666666664,10.5,1.0
CLASSIC,54.16666666666667,33.666666666666664,10.5,0.8571428571428571
CLASSIC,158.5,33.666666666666664,16.166666666666664,0.9899553571428571
CLASSIC,158.5,33.666666666666664,4.833333333333334,0.9308035714285714
CLASSIC,158.5,8.333333333333334,4.833333333333334,0.5535714285714286
CLASSIC,123.72222222222223,8.333333333333334,4.833333333333334,0.6796875
CLASSIC,158.5,12.555555555555555,4.833333333333334,0.6941964285714286
CLASSIC,158.5,4.1111111111111125,4.833333333333334,0.6529017857142857
CLASSIC,158.5,8.333333333333334,6.722222222222222,0.609375
CLASSIC,158.5,8.333333333333334,2.9444444444444446,0.6026785714285714
CLASSIC,262.8333333333333,8.333333333333334,16.166666666666664,0.90625
CLASSIC,54.16666666666667,8.333333333333334,16.166666666666664,0.7633928571428571
CLASSIC,193.2777777777778,8.333333333333334,4.833333333333334,0.5011160714285714
CLASSIC,193.2777777777778,12.555555555555555,4.833333333333334,0.6785714285714286
CLASSIC,193.2777777777778,8.333333333333334,6.722222222222222,0.5837053571428571
CLASSIC,193.2777777777778,8.333333333333334,2.9444444444444446,0.5323660714285714
CLASSIC,54.16666666666667,21.0,16.166666666666664,0.8504464285714286
CLASSIC,54.16666666666667,21.0,4.833333333333334,0.8046875
CLASSIC,193.2777777777778,4.1111111111111125,4.833333333333334,0.49107142857142855
CLASSIC,193.2777777777778,4.1111111111111125,6.722222222222222,0.4642857142857143
CLASSIC,193.2777777777778,4.1111111111111125,2.9444444444444446,0.6685267857142857
CLASSIC,297.6111111111111,8.333333333333334,4.833333333333334,0.7120535714285714
CLASSIC,228.05555555555551,8.333333333333334,4.833333333333334,0.5424107142857143
CLASSIC,262.8333333333333,12.555555555555555,4.833333333333334,0.8058035714285714
CLASSIC,262.8333333333333,4.1111111111111125,4.833333333333334,0.46316964285714285
CLASSIC,262.8333333333333,8.333333333333334,6.722222222222222,0.6975446428571429
CLASSIC,54.16666666666667,33.666666666666664,16.166666666666664,0.8816964285714286
CLASSIC,54.16666666666667,33.666666666666664,4.833333333333334,0.8147321428571429
CLASSIC,262.8333333333333,8.333333333333334,2.9444444444444446,0.46205357142857145
CLASSIC,297.6111111111111,8.333333333333334,2.9444444444444446,0.5390625
CLASSIC,262.8333333333333,12.555555555555555,2.9444444444444446,0.5881696428571429
CLASSIC,262.8333333333333,4.1111111111111125,2.9444444444444446,0.5758928571428571
CLASSIC,262.8333333333333,21.0,16.166666666666664,1.0
CLASSIC,262.8333333333333,21.0,4.833333333333334,0.9441964285714286
CLASSIC,228.05555555555551,12.555555555555555,2.9444444444444446,0.5580357142857143
CLASSIC,228.05555555555551,4.1111111111111125,2.9444444444444446,0.5625
CLASSIC,262.8333333333333,33.666666666666664,16.166666666666664,1.0
CLASSIC,262.8333333333333,33.666666666666664,4.833333333333334,0.9866071428571429
CLASSIC,228.05555555555551,8.333333333333334,2.9444444444444446,0.4497767857142857
CLASSIC,239.6481481481481,8.333333333333334,2.9444444444444446,0.4375
CLASSIC,216.46296296296293,8.333333333333334,2.9444444444444446,0.4654017857142857
CLASSIC,228.05555555555551,9.74074074074074,2.9444444444444446,0.4955357142857143
CLASSIC,228.05555555555551,8.333333333333334,3.5740740740740744,0.5145089285714286
CLASSIC,228.05555555555551,8.333333333333334,2.3148148148148153,0.6071428571428571
CLASSIC,297.6111111111111,4.1111111111111125,4.833333333333334,0.49441964285714285
CLASSIC,228.05555555555551,4.1111111111111125,4.833333333333334,0.48325892857142855
CLASSIC,193.2777777777778,8.333333333333334,10.5,0.6696428571428571
CLASSIC,123.72222222222223,8.333333333333334,10.5,0.7142857142857143
CLASSIC,158.5,12.555555555555555,10.5,0.8504464285714286
CLASSIC,158.5,4.1111111111111125,10.5,0.5279017857142857
CLASSIC,158.5,8.333333333333334,12.38888888888889,0.6852678571428571
CLASSIC,158.5,8.333333333333334,8.61111111111111,0.6339285714285714
CLASSIC,239.6481481481481,6.9259259259259265,2.9444444444444446,0.453125
CLASSIC,216.46296296296293,6.9259259259259265,2.9444444444444446,0.46205357142857145
CLASSIC,228.05555555555551,6.9259259259259265,3.5740740740740744,0.45535714285714285
CLASSIC,228.05555555555551,6.9259259259259265,2.3148148148148153,0.6808035714285714
CLASSIC,193.2777777777778,4.1111111111111125,10.5,0.4765625
CLASSIC,123.72222222222223,4.1111111111111125,10.5,0.6540178571428571
CLASSIC,158.5,4.1111111111111125,12.38888888888889,0.48325892857142855
CLASSIC,158.5,4.1111111111111125,8.61111111111111,0.5345982142857143
CLASSIC,88.94444444444444,8.333333333333334,10.5,0.7154017857142857
CLASSIC,19.388888888888896,8.333333333333334,10.5,0.75
CLASSIC,54.16666666666667,12.555555555555555,10.5,0.7678571428571429
CLASSIC,54.16666666666667,4.1111111111111125,10.5,0.7924107142857143
CLASSIC,54.16666666666667,8.333333333333334,12.38888888888889,0.7410714285714286
CLASSIC,54.16666666666667,8.333333333333334,8.61111111111111,0.7410714285714286
CLASSIC,193.2777777777778,8.333333333333334,16.166666666666664,0.7533482142857143
CLASSIC,123.72222222222223,8.333333333333334,16.166666666666664,0.7287946428571429
CLASSIC,158.5,12.555555555555555,16.166666666666664,0.9430803571428571
CLASSIC,158.5,4.1111111111111125,16.166666666666664,0.5089285714285714
CLASSIC,158.5,8.333333333333334,18.055555555555554,0.75
CLASSIC,158.5,8.333333333333334,14.277777777777775,0.7131696428571429
CLASSIC,228.05555555555551,6.9259259259259265,2.9444444444444446,0.4341517857142857
CLASSIC,224.1913580246913,6.9259259259259265,2.9444444444444446,0.44308035714285715
CLASSIC,228.05555555555551,7.395061728395063,2.9444444444444446,0.4341517857142857
CLASSIC,228.05555555555551,6.456790123456791,2.9444444444444446,0.5022321428571429
CLASSIC,228.05555555555551,6.9259259259259265,3.1543209876543212,0.4341517857142857
CLASSIC,228.05555555555551,6.9259259259259265,2.734567901234568,0.4341517857142857
CLASSIC,239.6481481481481,8.333333333333334,3.5740740740740744,0.48549107142857145
CLASSIC,239.6481481481481,8.333333333333334,2.3148148148148153,0.5625
CLASSIC,193.2777777777778,4.1111111111111125,12.38888888888889,0.4486607142857143
CLASSIC,193.2777777777778,4.1111111111111125,8.61111111111111,0.47767857142857145
CLASSIC,193.2777777777778,4.1111111111111125,16.166666666666664,0.4564732142857143
CLASSIC,123.72222222222223,4.1111111111111125,16.166666666666664,0.6294642857142857
CLASSIC,158.5,4.1111111111111125,18.055555555555554,0.5100446428571429
CLASSIC,158.5,4.1111111111111125,14.277777777777775,0.5022321428571429
CLASSIC,88.94444444444444,8.333333333333334,16.166666666666664,0.7332589285714286
CLASSIC,19.388888888888896,8.333333333333334,16.166666666666664,0.7087053571428571
CLASSIC,54.16666666666667,12.555555555555555,16.166666666666664,0.7756696428571429
CLASSIC,54.16666666666667,4.1111111111111125,16.166666666666664,0.8180803571428571
CLASSIC,54.16666666666667,8.333333333333334,18.055555555555554,0.7366071428571429
CLASSIC,54.16666666666667,8.333333333333334,14.277777777777775,0.7410714285714286
CLASSIC,231.91975308641972,6.456790123456791,2.9444444444444446,0.47879464285714285
CLASSIC,231.91975308641972,6.9259259259259265,3.1543209876543212,0.4263392857142857
CLASSIC,231.91975308641972,6.9259259259259265,2.734567901234568,0.4263392857142857
CLASSIC,193.2777777777778,4.1111111111111125,18.055555555555554,0.4609375
CLASSIC,193.2777777777778,4.1111111111111125,14.277777777777775,0.44419642857142855
CLASSIC,88.94444444444444,8.333333333333334,4.833333333333334,0.7053571428571429
CLASSIC,19.388888888888896,8.333333333333334,4.833333333333334,0.8013392857142857
CLASSIC,54.16666666666667,12.555555555555555,4.833333333333334,0.7767857142857143
CLASSIC,54.16666666666667,4.1111111111111125,4.833333333333334,0.8850446428571429
CLASSIC,54.16666666666667,8.333333333333334,6.722222222222222,0.7622767857142857
CLASSIC,54.16666666666667,8.333333333333334,2.9444444444444446,0.8091517857142857
CLASSIC,231.91975308641972,6.9259259259259265,2.9444444444444446,0.4263392857142857
CLASSIC,231.91975308641972,7.395061728395063,3.1543209876543212,0.4263392857142857
CLASSIC,231.91975308641972,7.395061728395063,2.734567901234568,0.4263392857142857
CLASSIC,204.87037037037038,4.1111111111111125,14.277777777777775,0.45535714285714285
CLASSIC,181.68518518518522,4.1111111111111125,14.277777777777775,0.4575892857142857
CLASSIC,193.2777777777778,5.518518518518519,14.277777777777775,0.5625
CLASSIC,193.2777777777778,2.7037037037037046,14.277777777777775,0.5022321428571429
CLASSIC,193.2777777777778,4.1111111111111125,14.907407407407405,0.44642857142857145
CLASSIC,193.2777777777778,4.1111111111111125,13.648148148148147,0.44419642857142855
CLASSIC,297.6111111111111,12.555555555555555,2.9444444444444446,0.6774553571428571
CLASSIC,297.6111111111111,4.1111111111111125,2.9444444444444446,0.46875
CLASSIC,123.72222222222223,12.555555555555555,4.833333333333334,0.7020089285714286
CLASSIC,123.72222222222223,4.1111111111111125,4.833333333333334,0.7712053571428571
CLASSIC,123.72222222222223,8.333333333333334,6.722222222222222,0.6651785714285714
CLASSIC,123.72222222222223,8.333333333333334,2.9444444444444446,0.7020089285714286
CLASSIC,88.94444444444444,21.0,4.833333333333334,0.8002232142857143
CLASSIC,19.388888888888896,21.0,4.833333333333334,1.0
CLASSIC,54.16666666666667,25.222222222222225,4.833333333333334,0.8058035714285714
CLASSIC,54.16666666666667,16.77777777777778,4.833333333333334,0.765625
CLASSIC,54.16666666666667,21.0,6.722222222222222,0.7991071428571429
CLASSIC,54.16666666666667,21.0,2.9444444444444446,0.8080357142857143
CLASSIC,231.91975308641972,7.395061728395063,2.9444444444444446,0.4263392857142857
CLASSIC,233.20781893004113,6.9259259259259265,2.9444444444444446,0.4453125
CLASSIC,231.91975308641972,7.082304526748972,2.9444444444444446,0.4263392857142857
CLASSIC,231.91975308641972,6.769547325102881,2.9444444444444446,0.4263392857142857
CLASSIC,231.91975308641972,6.9259259259259265,3.01440329218107,0.4263392857142857
CLASSIC,231.91975308641972,6.9259259259259265,2.874485596707819,0.4263392857142857
CLASSIC,204.87037037037038,4.1111111111111125,13.648148148148147,0.45535714285714285
CLASSIC,181.68518518518522,4.1111111111111125,13.648148148148147,0.4575892857142857
CLASSIC,193.2777777777778,5.518518518518519,13.648148148148147,0.5625
CLASSIC,193.2777777777778,2.7037037037037046,13.648148148148147,0.5022321428571429
CLASSIC,204.87037037037038,4.1111111111111125,12.38888888888889,0.4330357142857143
CLASSIC,181.68518518518522,4.1111111111111125,12.38888888888889,0.47879464285714285
CLASSIC,193.2777777777778,5.518518518518519,12.38888888888889,0.5345982142857143
CLASSIC,193.2777777777778,2.7037037037037046,12.38888888888889,0.5513392857142857
CLASSIC,193.2777777777778,4.1111111111111125,13.018518518518519,0.47879464285714285
CLASSIC,193.2777777777778,4.1111111111111125,11.759259259259261,0.4486607142857143
CLASSIC,297.6111111111111,8.333333333333334,6.722222222222222,0.8359375
CLASSIC,228.05555555555551,8.333333333333334,6.722222222222222,0.5926339285714286
CLASSIC,262.8333333333333,12.555555555555555,6.722222222222222,0.9006696428571429
CLASSIC,262.8333333333333,4.1111111111111125,6.722222222222222,0.4642857142857143
CLASSIC,88.94444444444444,21.0,10.5,0.8694196428571429
CLASSIC,19.388888888888896,21.0,10.5,1.0
CLASSIC,54.16666666666667,25.222222222222225,10.5,0.8537946428571429
CLASSIC,54.16666666666667,16.77777777777778,10.5,0.7790178571428571
CLASSIC,54.16666666666667,21.0,12.38888888888889,0.8002232142857143
CLASSIC,54.16666666666667,21.0,8.61111111111111,0.7946428571428571
CLASSIC,230.63168724279834,6.9259259259259265,2.9444444444444446,0.42299107142857145
CLASSIC,230.63168724279834,7.082304526748972,2.9444444444444446,0.42299107142857145
CLASSIC,230.63168724279834,6.769547325102881,2.9444444444444446,0.42299107142857145
CLASSIC,230.63168724279834,6.9259259259259265,3.01440329218107,0.42299107142857145
CLASSIC,230.63168724279834,6.9259259259259265,2.874485596707819,0.42299107142857145
CLASSIC,204.87037037037038,5.518518518518519,12.38888888888889,0.5435267857142857
CLASSIC,204.87037037037038,2.7037037037037046,12.38888888888889,0.49107142857142855
CLASSIC,204.87037037037038,4.1111111111111125,11.759259259259261,0.4330357142857143
CLASSIC,297.6111111111111,4.1111111111111125,6.722222222222222,0.5022321428571429
CLASSIC,228.05555555555551,4.1111111111111125,6.722222222222222,0.4341517857142857
CLASSIC,88.94444444444444,33.666666666666664,4.833333333333334,0.8828125
CLASSIC,19.388888888888896,33.666666666666664,4.833333333333334,1.0
CLASSIC,54.16666666666667,37.888888888888886,4.833333333333334,0.8258928571428571
CLASSIC,54.16666666666667,29.44444444444444,4.833333333333334,0.7924107142857143
CLASSIC,54.16666666666667,33.666666666666664,6.722222222222222,0.8537946428571429
CLASSIC,54.16666666666667,33.666666666666664,2.9444444444444446,0.8158482142857143
CLASSIC,204.87037037037038,4.1111111111111125,13.018518518518519,0.41517857142857145
CLASSIC,204.87037037037038,5.518518518518519,13.018518518518519,0.5524553571428571
CLASSIC,204.87037037037038,2.7037037037037046,13.018518518518519,0.515625
CLASSIC,216.46296296296293,4.1111111111111125,6.722222222222222,0.4375
CLASSIC,228.05555555555551,5.518518518518519,6.722222222222222,0.4720982142857143
CLASSIC,228.05555555555551,2.7037037037037046,6.722222222222222,0.5189732142857143
CLASSIC,228.05555555555551,4.1111111111111125,7.351851851851852,0.4341517857142857
CLASSIC,228.05555555555551,4.1111111111111125,6.092592592592593,0.42745535714285715
CLASSIC,88.94444444444444,12.555555555555555,4.833333333333334,0.7455357142857143
CLASSIC,88.94444444444444,4.1111111111111125,4.833333333333334,0.8470982142857143
CLASSIC,88.94444444444444,8.333333333333334,6.722222222222222,0.7142857142857143
CLASSIC,88.94444444444444,8.333333333333334,2.9444444444444446,0.7477678571428571
CLASSIC,297.6111111111111,8.333333333333334,10.5,0.9308035714285714
CLASSIC,228.05555555555551,8.333333333333334,10.5,0.7444196428571429
CLASSIC,262.8333333333333,12.555555555555555,10.5,0.9654017857142857
CLASSIC,262.8333333333333,4.1111111111111125,10.5,0.45424107142857145
CLASSIC,262.8333333333333,8.333333333333334,12.38888888888889,0.8582589285714286
CLASSIC,262.8333333333333,8.333333333333334,8.61111111111111,0.7801339285714286
CLASSIC,239.6481481481481,5.518518518518519,6.722222222222222,0.46651785714285715
CLASSIC,239.6481481481481,2.7037037037037046,6.722222222222222,0.5167410714285714
CLASSIC,239.6481481481481,4.1111111111111125,6.092592592592593,0.4375
CLASSIC,297.6111111111111,4.1111111111111125,10.5,0.5357142857142857
CLASSIC,228.05555555555551,4.1111111111111125,10.5,0.4419642857142857
CLASSIC,262.8333333333333,4.1111111111111125,12.38888888888889,0.48325892857142855
CLASSIC,262.8333333333333,4.1111111111111125,8.61111111111111,0.45424107142857145
CLASSIC,193.2777777777778,21.0,4.833333333333334,0.8549107142857143
CLASSIC,123.72222222222223,21.0,4.833333333333334,0.8035714285714286
CLASSIC,158.5,25.222222222222225,4.833333333333334,0.890625
CLASSIC,158.5,16.77777777777778,4.833333333333334,0.7845982142857143
CLASSIC,158.5,21.0,6.722222222222222,0.8895089285714286
CLASSIC,158.5,21.0,2.9444444444444446,0.7209821428571429
CLASSIC,239.6481481481481,4.1111111111111125,6.722222222222222,0.41183035714285715
CLASSIC,239.6481481481481,5.518518518518519,7.351851851851852,0.46651785714285715
CLASSIC,239.6481481481481,2.7037037037037046,7.351851851851852,0.5167410714285714
CLASSIC,228.05555555555551,4.1111111111111125,12.38888888888889,0.43080357142857145
CLASSIC,228.05555555555551,4.1111111111111125,8.61111111111111,0.43191964285714285
CLASSIC,88.94444444444444,21.0,16.166666666666664,0.9319196428571429
CLASSIC,19.388888888888896,21.0,16.166666666666664,1.0
CLASSIC,54.16666666666667,25.222222222222225,16.166666666666664,0.859375
CLASSIC,54.16666666666667,16.77777777777778,16.166666666666664,0.8359375
CLASSIC,54.16666666666667,21.0,18.055555555555554,0.8370535714285714
CLASSIC,54.16666666666667,21.0,14.277777777777775,0.8214285714285714
CLASSIC,239.6481481481481,4.1111111111111125,7.351851851851852,0.41183035714285715
CLASSIC,243.5123456790123,4.1111111111111125,6.722222222222222,0.41629464285714285
CLASSIC,235.78395061728386,4.1111111111111125,6.722222222222222,0.421875
CLASSIC,239.6481481481481,4.580246913580248,6.722222222222222,0.43973214285714285
CLASSIC,239.6481481481481,3.6419753086419764,6.722222222222222,0.41183035714285715
CLASSIC,239.6481481481481,4.1111111111111125,6.932098765432099,0.41183035714285715
CLASSIC,239.6481481481481,4.1111111111111125,6.512345679012346,0.41183035714285715
CLASSIC,216.46296296296293,4.1111111111111125,12.38888888888889,0.43080357142857145
CLASSIC,228.05555555555551,5.518518518518519,12.38888888888889,0.5513392857142857
CLASSIC,228.05555555555551,2.7037037037037046,12.38888888888889,0.47879464285714285
CLASSIC,228.05555555555551,4.1111111111111125,13.018518518518519,0.42075892857142855
CLASSIC,228.05555555555551,4.1111111111111125,11.759259259259261,0.43080357142857145
CLASSIC,297.6111111111111,4.1111111111111125,12.38888888888889,0.5613839285714286
CLASSIC,297.6111111111111,4.1111111111111125,8.61111111111111,0.4921875
CLASSIC,19.388888888888896,12.555555555555555,16.166666666666664,0.75
CLASSIC,19.388888888888896,4.1111111111111125,16.166666666666664,0.8013392857142857
CLASSIC,19.388888888888896,8.333333333333334,18.055555555555554,0.6964285714285714
CLASSIC,19.388888888888896,8.333333333333334,14.277777777777775,0.7444196428571429
CLASSIC,88.94444444444444,33.666666666666664,10.5,0.9441964285714286
CLASSIC,19.388888888888896,33.666666666666664,10.5,1.0
CLASSIC,54.16666666666667,37.888888888888886,10.5,0.8515625
CLASSIC,54.16666666666667,29.44444444444444,10.5,0.8348214285714286
CLASSIC,54.16666666666667,33.666666666666664,12.38888888888889,0.8459821428571429
CLASSIC,54.16666666666667,33.666666666666664,8.61111111111111,0.8571428571428571
CLASSIC,239.6481481481481,5.518518518518519,12.38888888888889,0.5725446428571429
CLASSIC,239.6481481481481,2.7037037037037046,12.38888888888889,0.47767857142857145
CLASSIC,239.6481481481481,4.1111111111111125,13.018518518518519,0.4185267857142857
CLASSIC,239.6481481481481,4.1111111111111125,8.61111111111111,0.4296875
CLASSIC,216.46296296296293,4.1111111111111125,8.61111111111111,0.42299107142857145
CLASSIC,228.05555555555551,5.518518518518519,8.61111111111111,0.5078125
CLASSIC,228.05555555555551,2.7037037037037046,8.61111111111111,0.5457589285714286
CLASSIC,228.05555555555551,4.1111111111111125,9.24074074074074,0.43191964285714285
CLASSIC,228.05555555555551,4.1111111111111125,7.981481481481482,0.43638392857142855
CLASSIC,158.5,12.555555555555555,2.9444444444444446,0.5970982142857143
CLASSIC,158.5,4.1111111111111125,2.9444444444444446,0.8035714285714286
CLASSIC,88.94444444444444,12.555555555555555,10.5,0.7879464285714286
CLASSIC,88.94444444444444,4.1111111111111125,10.5,0.7555803571428571
CLASSIC,88.94444444444444,8.333333333333334,12.38888888888889,0.6774553571428571
CLASSIC,88.94444444444444,8.333333333333334,8.61111111111111,0.6897321428571429
CLASSIC,88.94444444444444,33.666666666666664,16.166666666666664,0.9553571428571429
CLASSIC,19.388888888888896,33.666666666666664,16.166666666666664,1.0
CLASSIC,54.16666666666667,37.888888888888886,16.166666666666664,0.8783482142857143
CLASSIC,54.16666666666667,29.44444444444444,16.166666666666664,0.8727678571428571
CLASSIC,54.16666666666667,33.666666666666664,18.055555555555554,0.8616071428571429
CLASSIC,54.16666666666667,33.666666666666664,14.277777777777775,0.8783482142857143
CLASSIC,239.6481481481481,4.1111111111111125,12.38888888888889,0.40401785714285715
CLASSIC,239.6481481481481,5.518518518518519,11.759259259259261,0.5725446428571429
CLASSIC,239.6481481481481,2.7037037037037046,11.759259259259261,0.47767857142857145
CLASSIC,216.46296296296293,5.518518518518519,8.61111111111111,0.49330357142857145
CLASSIC,216.46296296296293,2.7037037037037046,8.61111111111111,0.515625
CLASSIC,216.46296296296293,4.1111111111111125,9.24074074074074,0.42299107142857145
CLASSIC,216.46296296296293,4.1111111111111125,7.981481481481482,0.4564732142857143
CLASSIC,239.6481481481481,4.1111111111111125,10.5,0.4341517857142857
CLASSIC,216.46296296296293,4.1111111111111125,10.5,0.4330357142857143
CLASSIC,228.05555555555551,5.518518518518519,10.5,0.5491071428571429
CLASSIC,228.05555555555551,2.7037037037037046,10.5,0.5290178571428571
CLASSIC,228.05555555555551,4.1111111111111125,11.129629629629628,0.4419642857142857
CLASSIC,228.05555555555551,4.1111111111111125,9.87037037037037,0.42410714285714285
CLASSIC,158.5,12.555555555555555,6.722222222222222,0.7767857142857143
CLASSIC,158.5,4.1111111111111125,6.722222222222222,0.5848214285714286
CLASSIC,193.2777777777778,21.0,2.9444444444444446,0.7008928571428571
CLASSIC,123.72222222222223,21.0,2.9444444444444446,0.7533482142857143
CLASSIC,158.5,25.222222222222225,2.9444444444444446,0.7600446428571429
CLASSIC,158.5,16.77777777777778,2.9444444444444446,0.7087053571428571
CLASSIC,297.6111111111111,8.333333333333334,16.166666666666664,0.96875
CLASSIC,228.05555555555551,8.333333333333334,16.166666666666664,0.8537946428571429
CLASSIC,262.8333333333333,12.555555555555555,16.166666666666664,0.9866071428571429
CLASSIC,262.8333333333333,4.1111111111111125,16.166666666666664,0.47098214285714285
CLASSIC,262.8333333333333,8.333333333333334,18.055555555555554,0.9330357142857143
CLASSIC,262.8333333333333,8.333333333333334,14.277777777777775,0.8560267857142857
CLASSIC,239.6481481481481,4.1111111111111125,11.759259259259261,0.40401785714285715
EXACT,158.5,21.0,10.5,0.7991071428571429
EXACT,262.8333333333333,21.0,10.5,0.9386160714285714
EXACT,54.16666666666667,21.0,10.5,0.7488839285714286
EXACT,158.5,33.666666666666664,10.5,0.9040178571428571
EXACT,158.5,21.0,16.166666666666664,0.8962053571428571
EXACT,158.5,21.0,4.833333333333334,0.5814732142857143
EXACT,158.5,8.333333333333334,10.5,0.4877232142857143
EXACT,262.8333333333333,8.333333333333334,10.5,0.5691964285714286
EXACT,54.16666666666667,8.333333333333334,10.5,0.7131696428571429
EXACT,158.5,8.333333333333334,16.166666666666664,0.6071428571428571
EXACT,158.5,8.333333333333334,4.833333333333334,0.39955357142857145
EXACT,54.16666666666667,8.333333333333334,4.833333333333334,0.7321428571428571
EXACT,262.8333333333333,33.666666666666664,10.5,0.9877232142857143
EXACT,54.16666666666667,33.666666666666664,10.5,0.7767857142857143
EXACT,158.5,33.666666666666664,16.166666666666664,0.9787946428571429
EXACT,158.5,33.666666666666664,4.833333333333334,0.6875
EXACT,297.6111111111111,8.333333333333334,4.833333333333334,0.43191964285714285
EXACT,262.8333333333333,12.555555555555555,4.833333333333334,0.5033482142857143
EXACT,262.8333333333333,4.1111111111111125,4.833333333333334,0.41294642857142855
EXACT,262.8333333333333,8.333333333333334,6.722222222222222,0.38950892857142855
EXACT,262.8333333333333,8.333333333333334,2.9444444444444446,0.35379464285714285
EXACT,262.8333333333333,21.0,4.833333333333334,0.7366071428571429
EXACT,54.16666666666667,21.0,4.833333333333334,0.7254464285714286
EXACT,262.8333333333333,8.333333333333334,4.833333333333334,0.3482142857142857
EXACT,228.05555555555551,12.555555555555555,4.833333333333334,0.44419642857142855
EXACT,228.05555555555551,4.1111111111111125,4.833333333333334,0.38839285714285715
EXACT,228.05555555555551,8.333333333333334,6.722222222222222,0.37723214285714285
EXACT,228.05555555555551,8.333333333333334,2.9444444444444446,0.38392857142857145
EXACT,262.8333333333333,8.333333333333334,16.166666666666664,0.7120535714285714
EXACT,54.16666666666667,8.333333333333334,16.166666666666664,0.7098214285714286
EXACT,228.05555555555551,8.333333333333334,4.833333333333334,0.3482142857142857
EXACT,274.42592592592587,8.333333333333334,4.833333333333334,0.3560267857142857
EXACT,251.24074074074073,8.333333333333334,4.833333333333334,0.34598214285714285
EXACT,262.8333333333333,9.74074074074074,4.833333333333334,0.3872767857142857
EXACT,262.8333333333333,8.333333333333334,5.462962962962964,0.3482142857142857
EXACT,262.8333333333333,8.333333333333334,4.203703703703704,0.35267857142857145
EXACT,262.8333333333333,12.555555555555555,2.9444444444444446,0.37723214285714285
EXACT,262.8333333333333,4.1111111111111125,2.9444444444444446,0.5011160714285714
EXACT,193.2777777777778,8.333333333333334,4.833333333333334,0.35714285714285715
EXACT,123.72222222222223,8.333333333333334,4.833333333333334,0.5591517857142857
EXACT,158.5,12.555555555555555,4.833333333333334,0.4799107142857143
EXACT,158.5,4.1111111111111125,4.833333333333334,0.6785714285714286
EXACT,158.5,8.333333333333334,6.722222222222222,0.453125
EXACT,158.5,8.333333333333334,2.9444444444444446,0.5223214285714286
EXACT,262.8333333333333,33.666666666666664,4.833333333333334,0.8236607142857143
EXACT,54.16666666666667,33.666666666666664,4.833333333333334,0.7444196428571429
EXACT,262.8333333333333,6.9259259259259265,4.833333333333334,0.3359375
EXACT,274.42592592592587,6.9259259259259265,4.833333333333334,0.33482142857142855
EXACT,262.8333333333333,6.9259259259259265,5.462962962962964,0.3359375
EXACT,262.8333333333333,6.9259259259259265,4.203703703703704,0.35044642857142855
EXACT,193.2777777777778,12.555555555555555,4.833333333333334,0.45870535714285715
EXACT,193.2777777777778,4.1111111111111125,4.833333333333334,0.47544642857142855
EXACT,193.2777777777778,8.333333333333334,6.722222222222222,0.37611607142857145
EXACT,193.2777777777778,8.333333333333334,2.9444444444444446,0.4575892857142857
EXACT,262.8333333333333,21.0,16.166666666666664,0.9799107142857143
EXACT,54.16666666666667,21.0,16.166666666666664,0.7511160714285714
EXACT,251.24074074074073,6.9259259259259265,4.203703703703704,0.33705357142857145
EXACT,193.2777777777778,12.555555555555555,6.722222222222222,0.5513392857142857
EXACT,193.2777777777778,4.1111111111111125,6.722222222222222,0.45089285714285715
EXACT,297.6111111111111,12.555555555555555,4.833333333333334,0.6796875
EXACT,297.6111111111111,4.1111111111111125,4.833333333333334,0.42857142857142855
EXACT,297.6111111111111,8.333333333333334,6.722222222222222,0.5915178571428571
EXACT,297.6111111111111,8.333333333333334,2.9444444444444446,0.3671875
EXACT,193.2777777777778,8.333333333333334,10.5,0.4888392857142857
EXACT,123.72222222222223,8.333333333333334,10.5,0.5636160714285714
EXACT,158.5,12.555555555555555,10.5,0.6785714285714286
EXACT,158.5,4.1111111111111125,10.5,0.49776785714285715
EXACT,158.5,8.333333333333334,12.38888888888889,0.5323660714285714
EXACT,158.5,8.333333333333334,8.61111111111111,0.49330357142857145
EXACT,262.8333333333333,33.666666666666664,16.166666666666664,1.0
EXACT,54.16666666666667,33.666666666666664,16.166666666666664,0.8504464285714286
EXACT,255.10493827160494,6.9259259259259265,4.833333333333334,0.3314732142857143
EXACT,247.37654320987653,6.9259259259259265,4.833333333333334,0.33370535714285715
EXACT,251.24074074074073,7.395061728395063,4.833333333333334,0.33035714285714285
EXACT,251.24074074074073,6.456790123456791,4.833333333333334,0.33035714285714285
EXACT,251.24074074074073,6.9259259259259265,5.0432098765432105,0.33035714285714285
EXACT,251.24074074074073,6.9259259259259265,4.623456790123457,0.33035714285714285
EXACT,274.42592592592587,6.9259259259259265,5.462962962962964,0.33482142857142855
EXACT,274.42592592592587,6.9259259259259265,4.203703703703704,0.3549107142857143
EXACT,297.6111111111111,12.555555555555555,2.9444444444444446,0.46316964285714285
EXACT,297.6111111111111,4.1111111111111125,2.9444444444444446,0.5256696428571429
EXACT,297.6111111111111,8.333333333333334,10.5,0.7779017857142857
EXACT,228.05555555555551,8.333333333333334,10.5,0.5122767857142857
EXACT,262.8333333333333,12.555555555555555,10.5,0.8258928571428571
EXACT,262.8333333333333,4.1111111111111125,10.5,0.375
EXACT,262.8333333333333,8.333333333333334,12.38888888888889,0.5959821428571429
EXACT,262.8333333333333,8.333333333333334,8.61111111111111,0.4654017857142857
EXACT,251.24074074074073,6.9259259259259265,5.462962962962964,0.33035714285714285
EXACT,255.10493827160494,6.9259259259259265,5.462962962962964,0.3314732142857143
EXACT,247.37654320987653,6.9259259259259265,5.462962962962964,0.33370535714285715
EXACT,251.24074074074073,7.395061728395063,5.462962962962964,0.33035714285714285
EXACT,251.24074074074073,6.456790123456791,5.462962962962964,0.33035714285714285
EXACT,251.24074074074073,6.9259259259259265,5.67283950617284,0.34486607142857145
EXACT,251.24074074074073,6.9259259259259265,5.253086419753087,0.33035714285714285
EXACT,297.6111111111111,4.1111111111111125,10.5,0.4341517857142857
EXACT,228.05555555555551,4.1111111111111125,10.5,0.3705357142857143
EXACT,262.8333333333333,4.1111111111111125,12.38888888888889,0.39285714285714285
EXACT,262.8333333333333,4.1111111111111125,8.61111111111111,0.3705357142857143
EXACT,193.2777777777778,21.0,4.833333333333334,0.5814732142857143
EXACT,123.72222222222223,21.0,4.833333333333334,0.6227678571428571
EXACT,158.5,25.222222222222225,4.833333333333334,0.6283482142857143
EXACT,158.5,16.77777777777778,4.833333333333334,0.5535714285714286
EXACT,158.5,21.0,6.722222222222222,0.7064732142857143
EXACT,158.5,21.0,2.9444444444444446,0.5089285714285714
EXACT,251.24074074074073,6.9259259259259265,4.833333333333334,0.33035714285714285
EXACT,255.10493827160494,7.395061728395063,4.833333333333334,0.3314732142857143
EXACT,247.37654320987653,7.395061728395063,4.833333333333334,0.33370535714285715
EXACT,251.24074074074073,7.395061728395063,5.0432098765432105,0.33035714285714285
EXACT,251.24074074074073,7.395061728395063,4.623456790123457,0.33035714285714285
EXACT,255.10493827160494,6.456790123456791,5.462962962962964,0.3325892857142857
EXACT,247.37654320987653,6.456790123456791,5.462962962962964,0.3404017857142857
EXACT,251.24074074074073,6.456790123456791,5.67283950617284,0.34151785714285715
EXACT,251.24074074074073,6.456790123456791,5.253086419753087,0.33035714285714285
EXACT,278.2901234567901,6.9259259259259265,4.833333333333334,0.34933035714285715
EXACT,270.56172839506166,6.9259259259259265,4.833333333333334,0.33816964285714285
EXACT,274.42592592592587,7.395061728395063,4.833333333333334,0.33482142857142855
EXACT,274.42592592592587,6.456790123456791,4.833333333333334,0.33816964285714285
EXACT,274.42592592592587,6.9259259259259265,5.0432098765432105,0.33482142857142855
EXACT,274.42592592592587,6.9259259259259265,4.623456790123457,0.33482142857142855
EXACT,278.2901234567901,6.9259259259259265,5.462962962962964,0.34933035714285715
EXACT,270.56172839506166,6.9259259259259265,5.462962962962964,0.33816964285714285
EXACT,274.42592592592587,7.395061728395063,5.462962962962964,0.33482142857142855
EXACT,274.42592592592587,6.456790123456791,5.462962962962964,0.33816964285714285
EXACT,274.42592592592587,6.9259259259259265,5.67283950617284,0.3325892857142857
EXACT,274.42592592592587,6.9259259259259265,5.253086419753087,0.33482142857142855
EXACT,216.46296296296293,8.333333333333334,4.833333333333334,0.3515625
EXACT,228.05555555555551,9.74074074074074,4.833333333333334,0.38392857142857145
EXACT,228.05555555555551,6.9259259259259265,4.833333333333334,0.34263392857142855
EXACT,228.05555555555551,8.333333333333334,5.462962962962964,0.3482142857142857
EXACT,228.05555555555551,8.333333333333334,4.203703703703704,0.3470982142857143
EXACT,228.05555555555551,4.1111111111111125,12.38888888888889,0.36495535714285715
EXACT,228.05555555555551,4.1111111111111125,8.61111111111111,0.36495535714285715
EXACT,193.2777777777778,12.555555555555555,10.5,0.7087053571428571
EXACT,193.2777777777778,4.1111111111111125,10.5,0.40625
EXACT,193.2777777777778,8.333333333333334,12.38888888888889,0.5301339285714286
EXACT,193.2777777777778,8.333333333333334,8.61111111111111,0.43861607142857145
EXACT,193.2777777777778,8.333333333333334,16.166666666666664,0.5747767857142857
EXACT,123.72222222222223,8.333333333333334,16.166666666666664,0.6227678571428571
EXACT,158.5,12.555555555555555,16.166666666666664,0.8058035714285714
EXACT,158.5,4.1111111111111125,16.166666666666664,0.4252232142857143
EXACT,158.5,8.333333333333334,18.055555555555554,0.6116071428571429
EXACT,158.5,8.333333333333334,14.277777777777775,0.5636160714285714
EXACT,239.6481481481481,9.74074074074074,4.833333333333334,0.38392857142857145
EXACT,239.6481481481481,6.9259259259259265,4.833333333333334,0.3392857142857143
EXACT,239.6481481481481,8.333333333333334,4.203703703703704,0.33035714285714285
EXACT,228.05555555555551,12.555555555555555,6.722222222222222,0.5658482142857143
EXACT,228.05555555555551,4.1111111111111125,6.722222222222222,0.36830357142857145
EXACT,193.2777777777778,4.1111111111111125,16.166666666666664,0.3872767857142857
EXACT,123.72222222222223,4.1111111111111125,16.166666666666664,0.6104910714285714
EXACT,158.5,4.1111111111111125,18.055555555555554,0.44642857142857145
EXACT,158.5,4.1111111111111125,14.277777777777775,0.46875
EXACT,193.2777777777778,33.666666666666664,4.833333333333334,0.7154017857142857
EXACT,123.72222222222223,33.666666666666664,4.833333333333334,0.6886160714285714
EXACT,158.5,37.888888888888886,4.833333333333334,0.7109375
EXACT,158.5,29.44444444444444,4.833333333333334,0.6517857142857143
EXACT,158.5,33.666666666666664,6.722222222222222,0.7979910714285714
EXACT,158.5,33.666666666666664,2.9444444444444446,0.5613839285714286
EXACT,239.6481481481481,9.74074074074074,5.462962962962964,0.38392857142857145
EXACT,239.6481481481481,6.9259259259259265,5.462962962962964,0.3392857142857143
EXACT,228.05555555555551,12.555555555555555,2.9444444444444446,0.36941964285714285
EXACT,228.05555555555551,4.1111111111111125,2.9444444444444446,0.4921875
EXACT,193.2777777777778,21.0,2.9444444444444446,0.4654017857142857
EXACT,123.72222222222223,21.0,2.9444444444444446,0.5792410714285714
EXACT,158.5,25.222222222222225,2.9444444444444446,0.5033482142857143
EXACT,158.5,16.77777777777778,2.9444444444444446,0.48995535714285715
EXACT,88.94444444444444,8.333333333333334,16.166666666666664,0.6361607142857143
EXACT,19.388888888888896,8.333333333333334,16.166666666666664,0.6796875
EXACT,54.16666666666667,12.555555555555555,16.166666666666664,0.734375
EXACT,54.16666666666667,4.1111111111111125,16.166666666666664,0.7723214285714286
EXACT,54.16666666666667,8.333333333333334,18.055555555555554,0.6852678571428571
EXACT,54.16666666666667,8.333333333333334,14.277777777777775,0.6964285714285714
EXACT,243.5123456790123,8.333333333333334,4.833333333333334,0.33035714285714285
EXACT,235.78395061728386,8.333333333333334,4.833333333333334,0.34263392857142855
EXACT,239.6481481481481,8.80246913580247,4.833333333333334,0.36160714285714285
EXACT,243.5123456790123,8.333333333333334,5.462962962962964,0.33035714285714285
EXACT,235.78395061728386,8.333333333333334,5.462962962962964,0.34263392857142855
EXACT,239.6481481481481,8.80246913580247,5.462962962962964,0.36160714285714285
EXACT,239.6481481481481,8.333333333333334,5.67283950617284,0.3549107142857143
EXACT,239.6481481481481,6.9259259259259265,4.203703703703704,0.34933035714285715
EXACT,193.2777777777778,4.1111111111111125,18.055555555555554,0.4095982142857143
EXACT,193.2777777777778,4.1111111111111125,14.277777777777775,0.39732142857142855
EXACT,123.72222222222223,12.555555555555555,4.833333333333334,0.5691964285714286
EXACT,123.72222222222223,4.1111111111111125,4.833333333333334,0.8247767857142857
EXACT,123.72222222222223,8.333333333333334,6.722222222222222,0.5390625
EXACT,123.72222222222223,8.333333333333334,2.9444444444444446,0.6506696428571429
EXACT,297.6111111111111,8.333333333333334,16.166666666666664,0.8649553571428571
EXACT,228.05555555555551,8.333333333333334,16.166666666666664,0.6060267857142857
EXACT,262.8333333333333,12.555555555555555,16.166666666666664,0.9386160714285714
EXACT,262.8333333333333,4.1111111111111125,16.166666666666664,0.3950892857142857
EXACT,262.8333333333333,8.333333333333334,18.055555555555554,0.7555803571428571
EXACT,262.8333333333333,8.333333333333334,14.277777777777775,0.6651785714285714
EXACT,239.6481481481481,8.333333333333334,4.833333333333334,0.32700892857142855
EXACT,243.5123456790123,9.74074074074074,4.203703703703704,0.32700892857142855
EXACT,235.78395061728386,9.74074074074074,4.203703703703704,0.33705357142857145
EXACT,239.6481481481481,10.209876543209877,4.203703703703704,0.32700892857142855
EXACT,239.6481481481481,9.271604938271604,4.203703703703704,0.3404017857142857
EXACT,239.6481481481481,9.74074074074074,4.413580246913581,0.32700892857142855
EXACT,239.6481481481481,9.74074074074074,3.9938271604938276,0.32700892857142855
EXACT,297.6111111111111,4.1111111111111125,16.166666666666664,0.4575892857142857
EXACT,228.05555555555551,4.1111111111111125,16.166666666666664,0.36607142857142855
EXACT,262.8333333333333,4.1111111111111125,18.055555555555554,0.39285714285714285
EXACT,262.8333333333333,4.1111111111111125,14.277777777777775,0.36607142857142855
EXACT,88.94444444444444,8.333333333333334,10.5,0.6283482142857143
EXACT,19.388888888888896,8.333333333333334,10.5,0.7087053571428571
EXACT,54.16666666666667,12.555555555555555,10.5,0.7053571428571429
EXACT,54.16666666666667,4.1111111111111125,10.5,0.7868303571428571
EXACT,54.16666666666667,8.333333333333334,12.38888888888889,0.7053571428571429
EXACT,54.16666666666667,8.333333333333334,8.61111111111111,0.6841517857142857
EXACT,239.6481481481481,8.333333333333334,5.462962962962964,0.32700892857142855
EXACT,243.5123456790123,7.864197530864198,4.833333333333334,0.33035714285714285
EXACT,235.78395061728386,7.864197530864198,4.833333333333334,0.34263392857142855
EXACT,239.6481481481481,7.864197530864198,5.0432098765432105,0.32700892857142855
EXACT,239.6481481481481,7.864197530864198,4.623456790123457,0.32700892857142855
EXACT,228.05555555555551,4.1111111111111125,18.055555555555554,0.3638392857142857
EXACT,228.05555555555551,4.1111111111111125,14.277777777777775,0.35379464285714285
EXACT,193.2777777777778,33.666666666666664,2.9444444444444446,0.5803571428571429
EXACT,123.72222222222223,33.666666666666664,2.9444444444444446,0.6629464285714286
EXACT,158.5,37.888888888888886,2.9444444444444446,0.5904017857142857
EXACT,158.5,29.44444444444444,2.9444444444444446,0.5502232142857143
EXACT,88.94444444444444,21.0,4.833333333333334,0.6529017857142857
EXACT,19.388888888888896,21.0,4.833333333333334,1.0
EXACT,54.16666666666667,25.222222222222225,4.833333333333334,0.7254464285714286
EXACT,54.16666666666667,16.77777777777778,4.833333333333334,0.7165178571428571
EXACT,54.16666666666667,21.0,6.722222222222222,0.7287946428571429
EXACT,54.16666666666667,21.0,2.9444444444444446,0.7299107142857143
EXACT,239.6481481481481,7.864197530864198,4.833333333333334,0.32700892857142855
EXACT,243.5123456790123,7.864197530864198,5.462962962962964,0.33035714285714285
EXACT,235.78395061728386,7.864197530864198,5.462962962962964,0.34263392857142855
EXACT,239.6481481481481,7.864197530864198,5.67283950617284,0.3549107142857143
EXACT,239.6481481481481,7.864197530864198,5.253086419753087,0.32700892857142855
EXACT,274.42592592592587,8.333333333333334,2.9444444444444446,0.3560267857142857
EXACT,251.24074074074073,8.333333333333334,2.9444444444444446,0.3549107142857143
EXACT,262.8333333333333,9.74074074074074,2.9444444444444446,0.34263392857142855
EXACT,262.8333333333333,6.9259259259259265,2.9444444444444446,0.35714285714285715
EXACT,262.8333333333333,8.333333333333334,3.5740740740740744,0.35267857142857145
EXACT,262.8333333333333,8.333333333333334,2.3148148148148153,0.484375
EXACT,239.6481481481481,4.1111111111111125,14.277777777777775,0.36607142857142855
EXACT,216.46296296296293,4.1111111111111125,14.277777777777775,0.36160714285714285
EXACT,228.05555555555551,5.518518518518519,14.277777777777775,0.4029017857142857
EXACT,228.05555555555551,2.7037037037037046,14.277777777777775,0.4966517857142857
EXACT,228.05555555555551,4.1111111111111125,14.907407407407405,0.359375
EXACT,228.05555555555551,4.1111111111111125,13.648148148148147,0.35379464285714285
EXACT,262.8333333333333,12.555555555555555,6.722222222222222,0.6450892857142857
EXACT,262.8333333333333,4.1111111111111125,6.722222222222222,0.39174107142857145
EXACT,123.72222222222223,12.555555555555555,10.5,0.6863839285714286
EXACT,123.72222222222223,4.1111111111111125,10.5,0.6082589285714286
EXACT,123.72222222222223,8.333333333333334,12.38888888888889,0.5770089285714286
EXACT,123.72222222222223,8.333333333333334,8.61111111111111,0.5546875
EXACT,88.94444444444444,8.333333333333334,4.833333333333334,0.65625
EXACT,19.388888888888896,8.333333333333334,4.833333333333334,0.8069196428571429
EXACT,54.16666666666667,12.555555555555555,4.833333333333334,0.6953125
EXACT,54.16666666666667,4.1111111111111125,4.833333333333334,0.8738839285714286
EXACT,54.16666666666667,8.333333333333334,6.722222222222222,0.6941964285714286
EXACT,54.16666666666667,8.333333333333334,2.9444444444444446,0.7935267857142857
EXACT,239.6481481481481,8.333333333333334,5.0432098765432105,0.32700892857142855
EXACT,243.5123456790123,10.209876543209877,4.203703703703704,0.32700892857142855
EXACT,243.5123456790123,9.271604938271604,4.203703703703704,0.34151785714285715
EXACT,243.5123456790123,9.74074074074074,4.413580246913581,0.32700892857142855
EXACT,243.5123456790123,9.74074074074074,3.9938271604938276,0.32700892857142855
EXACT,274.42592592592587,9.74074074074074,2.9444444444444446,0.33816964285714285
EXACT,251.24074074074073,9.74074074074074,2.9444444444444446,0.3515625
EXACT,262.8333333333333,9.74074074074074,3.5740740740740744,0.35044642857142855
EXACT,262.8333333333333,9.74074074074074,2.3148148148148153,0.4419642857142857
EXACT,193.2777777777778,4.1111111111111125,12.38888888888889,0.38950892857142855
EXACT,193.2777777777778,4.1111111111111125,8.61111111111111,0.40401785714285715
EXACT,297.6111111111111,21.0,4.833333333333334,0.8325892857142857
EXACT,228.05555555555551,21.0,4.833333333333334,0.6439732142857143
EXACT,262.8333333333333,25.222222222222225,4.833333333333334,0.7834821428571429
EXACT,262.8333333333333,16.77777777777778,4.833333333333334,0.6160714285714286
EXACT,262.8333333333333,21.0,6.722222222222222,0.8482142857142857
EXACT,262.8333333333333,21.0,2.9444444444444446,0.48660714285714285
EXACT,239.6481481481481,8.333333333333334,4.623456790123457,0.32700892857142855
EXACT,243.5123456790123,8.333333333333334,5.0432098765432105,0.33035714285714285
EXACT,235.78395061728386,8.333333333333334,5.0432098765432105,0.34263392857142855
EXACT,243.5123456790123,8.333333333333334,4.623456790123457,0.33035714285714285
EXACT,235.78395061728386,8.333333333333334,4.623456790123457,0.34263392857142855
EXACT,243.5123456790123,8.333333333333334,5.253086419753087,0.33035714285714285
EXACT,235.78395061728386,8.333333333333334,5.253086419753087,0.34263392857142855
EXACT,239.6481481481481,10.209876543209877,4.413580246913581,0.32700892857142855
EXACT,239.6481481481481,10.209876543209877,3.9938271604938276,0.32700892857142855
EXACT,243.5123456790123,7.864197530864198,5.0432098765432105,0.33035714285714285
EXACT,235.78395061728386,7.864197530864198,5.0432098765432105,0.34263392857142855
EXACT,243.5123456790123,7.864197530864198,4.623456790123457,0.33035714285714285
EXACT,235.78395061728386,7.864197530864198,4.623456790123457,0.34263392857142855
EXACT,243.5123456790123,7.864197530864198,5.253086419753087,0.33035714285714285
EXACT,235.78395061728386,7.864197530864198,5.253086419753087,0.34263392857142855
EXACT,243.5123456790123,10.209876543209877,4.413580246913581,0.32700892857142855
EXACT,243.5123456790123,10.209876543209877,3.9938271604938276,0.32700892857142855
EXACT,255.10493827160494,6.456790123456791,4.833333333333334,0.3325892857142857
EXACT,247.37654320987653,6.456790123456791,4.833333333333334,0.3404017857142857
EXACT,251.24074074074073,6.456790123456791,5.0432098765432105,0.33035714285714285
EXACT,251.24074074074073,6.456790123456791,4.623456790123457,0.33035714285714285
EXACT,255.10493827160494,7.395061728395063,5.462962962962964,0.3314732142857143
EXACT,247.37654320987653,7.395061728395063,5.462962962962964,0.33370535714285715
EXACT,251.24074074074073,7.395061728395063,5.67283950617284,0.34486607142857145
EXACT,251.24074074074073,7.395061728395063,5.253086419753087,0.33035714285714285
EXACT,243.5123456790123,8.333333333333334,4.203703703703704,0.3470982142857143
EXACT,235.78395061728386,8.333333333333334,4.203703703703704,0.3404017857142857
EXACT,239.6481481481481,8.80246913580247,4.203703703703704,0.3404017857142857
EXACT,239.6481481481481,7.864197530864198,4.203703703703704,0.33035714285714285
EXACT,239.6481481481481,8.333333333333334,4.413580246913581,0.33035714285714285
EXACT,239.6481481481481,8.333333333333334,3.9938271604938276,0.33035714285714285
EXACT,274.42592592592587,9.74074074074074,3.5740740740740744,0.36495535714285715
EXACT,274.42592592592587,9.74074074074074,2.3148148148148153,0.42857142857142855
EXACT,204.87037037037038,8.333333333333334,4.833333333333334,0.34933035714285715
EXACT,181.68518518518522,8.333333333333334,4.833333333333334,0.37723214285714285
EXACT,193.2777777777778,9.74074074074074,4.833333333333334,0.3939732142857143
EXACT,193.2777777777778,6.9259259259259265,4.833333333333334,0.3549107142857143
EXACT,193.2777777777778,8.333333333333334,5.462962962962964,0.35714285714285715
EXACT,193.2777777777778,8.333333333333334,4.203703703703704,0.390625
EXACT,297.6111111111111,4.1111111111111125,12.38888888888889,0.44308035714285715
EXACT,297.6111111111111,4.1111111111111125,8.61111111111111,0.40513392857142855
EXACT,297.6111111111111,21.0,2.9444444444444446,0.6116071428571429
EXACT,228.05555555555551,21.0,2.9444444444444446,0.453125
EXACT,262.8333333333333,25.222222222222225,2.9444444444444446,0.5502232142857143
EXACT,262.8333333333333,16.77777777777778,2.9444444444444446,0.44308035714285715
EXACT,88.94444444444444,33.666666666666664,4.833333333333334,0.71875
EXACT,19.388888888888896,33.666666666666664,4.833333333333334,1.0
EXACT,54.16666666666667,37.888888888888886,4.833333333333334,0.7466517857142857
EXACT,54.16666666666667,29.44444444444444,4.833333333333334,0.7254464285714286
EXACT,54.16666666666667,33.666666666666664,6.722222222222222,0.7332589285714286
EXACT,54.16666666666667,33.666666666666664,2.9444444444444446,0.7455357142857143
EXACT,239.6481481481481,7.864197530864198,5.462962962962964,0.32700892857142855
EXACT,244.8004115226337,10.209876543209877,3.9938271604938276,0.33816964285714285
EXACT,242.22427983539092,10.209876543209877,3.9938271604938276,0.34151785714285715
EXACT,243.5123456790123,10.366255144032923,3.9938271604938276,0.32700892857142855
EXACT,243.5123456790123,10.053497942386832,3.9938271604938276,0.32700892857142855
EXACT,243.5123456790123,10.209876543209877,4.063786008230453,0.32700892857142855
EXACT,243.5123456790123,10.209876543209877,3.923868312757202,0.32700892857142855
EXACT,243.5123456790123,7.864197530864198,4.203703703703704,0.3470982142857143
EXACT,235.78395061728386,7.864197530864198,4.203703703703704,0.3404017857142857
EXACT,239.6481481481481,7.864197530864198,4.413580246913581,0.33035714285714285
EXACT,239.6481481481481,7.864197530864198,3.9938271604938276,0.33035714285714285
EXACT,204.87037037037038,9.74074074074074,4.833333333333334,0.359375
EXACT,204.87037037037038,6.9259259259259265,4.833333333333334,0.34263392857142855
EXACT,204.87037037037038,8.333333333333334,5.462962962962964,0.34933035714285715
EXACT,204.87037037037038,8.333333333333334,4.203703703703704,0.36941964285714285
EXACT,297.6111111111111,16.77777777777778,2.9444444444444446,0.53125
EXACT,228.05555555555551,16.77777777777778,2.9444444444444446,0.4095982142857143
EXACT,88.94444444444444,21.0,10.5,0.7332589285714286
EXACT,19.388888888888896,21.0,10.5,1.0
EXACT,54.16666666666667,25.222222222222225,10.5,0.7611607142857143
EXACT,54.16666666666667,16.77777777777778,10.5,0.7299107142857143
EXACT,54.16666666666667,21.0,12.38888888888889,0.7455357142857143
EXACT,54.16666666666667,21.0,8.61111111111111,0.7321428571428571
EXACT,239.6481481481481,8.333333333333334,5.253086419753087,0.32700892857142855
EXACT,244.8004115226337,10.209876543209877,4.413580246913581,0.33816964285714285
EXACT,242.22427983539092,10.209876543209877,4.413580246913581,0.34151785714285715
EXACT,243.5123456790123,10.366255144032923,4.413580246913581,0.32700892857142855
EXACT,243.5123456790123,10.053497942386832,4.413580246913581,0.32700892857142855
EXACT,243.5123456790123,10.209876543209877,4.483539094650206,0.32700892857142855
EXACT,243.5123456790123,10.209876543209877,4.343621399176955,0.32700892857142855
EXACT,255.10493827160494,6.9259259259259265,5.0432098765432105,0.3314732142857143
EXACT,247.37654320987653,6.9259259259259265,5.0432098765432105,0.33370535714285715
EXACT,243.5123456790123,7.864197530864198,3.9938271604938276,0.3470982142857143
EXACT,235.78395061728386,7.864197530864198,3.9938271604938276,0.3404017857142857
EXACT,204.87037037037038,6.9259259259259265,5.462962962962964,0.34263392857142855
EXACT,204.87037037037038,6.9259259259259265,4.203703703703704,0.36830357142857145
EXACT,216.46296296296293,9.74074074074074,4.833333333333334,0.38392857142857145
EXACT,216.46296296296293,6.9259259259259265,4.833333333333334,0.33370535714285715
EXACT,216.46296296296293,8.333333333333334,5.462962962962964,0.3515625
EXACT,216.46296296296293,8.333333333333334,4.203703703703704,0.3627232142857143
EXACT,239.6481481481481,4.1111111111111125,18.055555555555554,0.37388392857142855
EXACT,216.46296296296293,4.1111111111111125,18.055555555555554,0.375
EXACT,228.05555555555551,5.518518518518519,18.055555555555554,0.43973214285714285
EXACT,228.05555555555551,2.7037037037037046,18.055555555555554,0.44754464285714285
EXACT,228.05555555555551,4.1111111111111125,18.685185185185183,0.3671875
EXACT,228.05555555555551,4.1111111111111125,17.425925925925927,0.375
EXACT,158.5,12.555555555555555,6.722222222222222,0.5725446428571429
EXACT,158.5,4.1111111111111125,6.722222222222222,0.5636160714285714
EXACT,88.94444444444444,21.0,16.166666666666664,0.7957589285714286
EXACT,19.388888888888896,21.0,16.166666666666664,1.0
EXACT,54.16666666666667,25.222222222222225,16.166666666666664,0.7845982142857143
EXACT,54.16666666666667,16.77777777777778,16.166666666666664,0.7377232142857143
EXACT,54.16666666666667,21.0,18.055555555555554,0.7779017857142857
EXACT,54.16666666666667,21.0,14.277777777777775,0.7555803571428571
EXACT,239.6481481481481,9.74074074074074,4.203703703703704,0.32700892857142855
NOREDUCTION,158.5,21.0,10.5,0.8080357142857143
NOREDUCTION,262.8333333333333,21.0,10.5,0.9397321428571429
NOREDUCTION,54.16666666666667,21.0,10.5,0.7332589285714286
NOREDUCTION,158.5,33.666666666666664,10.5,0.9040178571428571
NOREDUCTION,158.5,21.0,16.166666666666664,0.8950892857142857
NOREDUCTION,158.5,21.0,4.833333333333334,0.5904017857142857
NOREDUCTION,158.5,8.333333333333334,10.5,0.5122767857142857
NOREDUCTION,262.8333333333333,8.333333333333334,10.5,0.5747767857142857
NOREDUCTION,54.16666666666667,8.333333333333334,10.5,0.6919642857142857
NOREDUCTION,158.5,8.333333333333334,16.166666666666664,0.6138392857142857
NOREDUCTION,158.5,8.333333333333334,4.833333333333334,0.40848214285714285
NOREDUCTION,54.16666666666667,8.333333333333334,4.833333333333334,0.7466517857142857
NOREDUCTION,262.8333333333333,33.666666666666664,10.5,0.9899553571428571
NOREDUCTION,54.16666666666667,33.666666666666664,10.5,0.7723214285714286
NOREDUCTION,158.5,33.666666666666664,16.166666666666664,0.9787946428571429
NOREDUCTION,158.5,33.666666666666664,4.833333333333334,0.6863839285714286
NOREDUCTION,297.6111111111111,8.333333333333334,4.833333333333334,0.43080357142857145
NOREDUCTION,228.05555555555551,8.333333333333334,4.833333333333334,0.359375
NOREDUCTION,262.8333333333333,12.555555555555555,4.833333333333334,0.515625
NOREDUCTION,262.8333333333333,4.1111111111111125,4.833333333333334,0.421875
NOREDUCTION,262.8333333333333,8.333333333333334,6.722222222222222,0.39732142857142855
NOREDUCTION,262.8333333333333,8.333333333333334,2.9444444444444446,0.36049107142857145
NOREDUCTION,262.8333333333333,21.0,4.833333333333334,0.7354910714285714
NOREDUCTION,54.16666666666667,21.0,4.833333333333334,0.71875
NOREDUCTION,262.8333333333333,8.333333333333334,4.833333333333334,0.35379464285714285
NOREDUCTION,274.42592592592587,8.333333333333334,4.833333333333334,0.36941964285714285
NOREDUCTION,251.24074074074073,8.333333333333334,4.833333333333334,0.35825892857142855
NOREDUCTION,262.8333333333333,9.74074074074074,4.833333333333334,0.38950892857142855
NOREDUCTION,262.8333333333333,8.333333333333334,5.462962962962964,0.35379464285714285
NOREDUCTION,262.8333333333333,8.333333333333334,4.203703703703704,0.359375
NOREDUCTION,228.05555555555551,12.555555555555555,4.833333333333334,0.4564732142857143
NOREDUCTION,228.05555555555551,4.1111111111111125,4.833333333333334,0.41183035714285715
NOREDUCTION,228.05555555555551,8.333333333333334,6.722222222222222,0.3861607142857143
NOREDUCTION,228.05555555555551,8.333333333333334,2.9444444444444446,0.38169642857142855
NOREDUCTION,262.8333333333333,8.333333333333334,16.166666666666664,0.7176339285714286
NOREDUCTION,54.16666666666667,8.333333333333334,16.166666666666664,0.7120535714285714
NOREDUCTION,262.8333333333333,6.9259259259259265,4.833333333333334,0.3482142857142857
NOREDUCTION,274.42592592592587,6.9259259259259265,4.833333333333334,0.3515625
NOREDUCTION,262.8333333333333,6.9259259259259265,5.462962962962964,0.3482142857142857
NOREDUCTION,262.8333333333333,6.9259259259259265,4.203703703703704,0.3482142857142857
NOREDUCTION,262.8333333333333,12.555555555555555,2.9444444444444446,0.3716517857142857
NOREDUCTION,262.8333333333333,4.1111111111111125,2.9444444444444446,0.5256696428571429
NOREDUCTION,193.2777777777778,8.333333333333334,4.833333333333334,0.3549107142857143
NOREDUCTION,123.72222222222223,8.333333333333334,4.833333333333334,0.5591517857142857
NOREDUCTION,158.5,12.555555555555555,4.833333333333334,0.47098214285714285
NOREDUCTION,158.5,4.1111111111111125,4.833333333333334,0.7433035714285714
NOREDUCTION,158.5,8.333333333333334,6.722222222222222,0.4575892857142857
NOREDUCTION,158.5,8.333333333333334,2.9444444444444446,0.5412946428571429
NOREDUCTION,262.8333333333333,33.666666666666664,4.833333333333334,0.8303571428571429
NOREDUCTION,54.16666666666667,33.666666666666664,4.833333333333334,0.75
NOREDUCTION,251.24074074074073,6.9259259259259265,4.833333333333334,0.33705357142857145
NOREDUCTION,251.24074074074073,6.9259259259259265,5.462962962962964,0.33705357142857145
NOREDUCTION,193.2777777777778,12.555555555555555,4.833333333333334,0.4408482142857143
NOREDUCTION,193.2777777777778,4.1111111111111125,4.833333333333334,0.5368303571428571
NOREDUCTION,193.2777777777778,8.333333333333334,6.722222222222222,0.40625
NOREDUCTION,193.2777777777778,8.333333333333334,2.9444444444444446,0.48214285714285715
NOREDUCTION,262.8333333333333,21.0,16.166666666666664,0.9799107142857143
NOREDUCTION,54.16666666666667,21.0,16.166666666666664,0.7522321428571429
NOREDUCTION,255.10493827160494,6.9259259259259265,4.203703703703704,0.34263392857142855
NOREDUCTION,247.37654320987653,6.9259259259259265,4.203703703703704,0.3359375
NOREDUCTION,251.24074074074073,6.456790123456791,4.203703703703704,0.35714285714285715
NOREDUCTION,251.24074074074073,6.9259259259259265,3.9938271604938276,0.33482142857142855
NOREDUCTION,228.05555555555551,12.555555555555555,2.9444444444444446,0.3783482142857143
NOREDUCTION,228.05555555555551,4.1111111111111125,2.9444444444444446,0.5100446428571429
NOREDUCTION,297.6111111111111,12.555555555555555,4.833333333333334,0.6796875
NOREDUCTION,297.6111111111111,4.1111111111111125,4.833333333333334,0.45089285714285715
NOREDUCTION,297.6111111111111,8.333333333333334,6.722222222222222,0.5982142857142857
NOREDUCTION,297.6111111111111,8.333333333333334,2.9444444444444446,0.3828125
NOREDUCTION,193.2777777777778,8.333333333333334,10.5,0.5033482142857143
NOREDUCTION,123.72222222222223,8.333333333333334,10.5,0.5703125
NOREDUCTION,158.5,12.555555555555555,10.5,0.6785714285714286
NOREDUCTION,158.5,4.1111111111111125,10.5,0.5223214285714286
NOREDUCTION,158.5,8.333333333333334,12.38888888888889,0.5569196428571429
NOREDUCTION,158.5,8.333333333333334,8.61111111111111,0.4955357142857143
NOREDUCTION,262.8333333333333,33.666666666666664,16.166666666666664,1.0
NOREDUCTION,54.16666666666667,33.666666666666664,16.166666666666664,0.8459821428571429
NOREDUCTION,251.24074074074073,6.9259259259259265,4.203703703703704,0.33482142857142855
NOREDUCTION,255.10493827160494,7.395061728395063,4.203703703703704,0.34263392857142855
NOREDUCTION,247.37654320987653,7.395061728395063,4.203703703703704,0.3359375
NOREDUCTION,251.24074074074073,7.395061728395063,4.413580246913581,0.33482142857142855
NOREDUCTION,251.24074074074073,7.395061728395063,3.9938271604938276,0.33482142857142855
NOREDUCTION,204.87037037037038,8.333333333333334,4.833333333333334,0.3560267857142857
NOREDUCTION,181.68518518518522,8.333333333333334,4.833333333333334,0.3549107142857143
NOREDUCTION,193.2777777777778,9.74074074074074,4.833333333333334,0.390625
NOREDUCTION,193.2777777777778,6.9259259259259265,4.833333333333334,0.34375
NOREDUCTION,193.2777777777778,8.333333333333334,5.462962962962964,0.3549107142857143
NOREDUCTION,193.2777777777778,8.333333333333334,4.203703703703704,0.3872767857142857
NOREDUCTION,297.6111111111111,12.555555555555555,2.9444444444444446,0.4799107142857143
NOREDUCTION,297.6111111111111,4.1111111111111125,2.9444444444444446,0.5457589285714286
NOREDUCTION,297.6111111111111,8.333333333333334,10.5,0.7767857142857143
NOREDUCTION,228.05555555555551,8.333333333333334,10.5,0.5100446428571429
NOREDUCTION,262.8333333333333,12.555555555555555,10.5,0.8236607142857143
NOREDUCTION,262.8333333333333,4.1111111111111125,10.5,0.40625
NOREDUCTION,262.8333333333333,8.333333333333334,12.38888888888889,0.5959821428571429
NOREDUCTION,262.8333333333333,8.333333333333334,8.61111111111111,0.4810267857142857
NOREDUCTION,251.24074074074073,7.395061728395063,4.203703703703704,0.33482142857142855
NOREDUCTION,255.10493827160494,6.9259259259259265,4.413580246913581,0.34263392857142855
NOREDUCTION,247.37654320987653,6.9259259259259265,4.413580246913581,0.3359375
NOREDUCTION,255.10493827160494,6.9259259259259265,3.9938271604938276,0.34263392857142855
NOREDUCTION,247.37654320987653,6.9259259259259265,3.9938271604938276,0.3359375
NOREDUCTION,255.10493827160494,7.395061728395063,4.413580246913581,0.34263392857142855
NOREDUCTION,247.37654320987653,7.395061728395063,4.413580246913581,0.3359375
NOREDUCTION,255.10493827160494,7.395061728395063,3.9938271604938276,0.34263392857142855
NOREDUCTION,247.37654320987653,7.395061728395063,3.9938271604938276,0.3359375
NOREDUCTION,204.87037037037038,6.9259259259259265,4.833333333333334,0.34151785714285715
NOREDUCTION,181.68518518518522,6.9259259259259265,4.833333333333334,0.38169642857142855
NOREDUCTION,193.2777777777778,6.9259259259259265,5.462962962962964,0.34375
NOREDUCTION,193.2777777777778,6.9259259259259265,4.203703703703704,0.41294642857142855
NOREDUCTION,297.6111111111111,4.1111111111111125,10.5,0.43080357142857145
NOREDUCTION,228.05555555555551,4.1111111111111125,10.5,0.3861607142857143
NOREDUCTION,262.8333333333333,4.1111111111111125,12.38888888888889,0.390625
NOREDUCTION,262.8333333333333,4.1111111111111125,8.61111111111111,0.38839285714285715
NOREDUCTION,193.2777777777778,21.0,4.833333333333334,0.5904017857142857
NOREDUCTION,123.72222222222223,21.0,4.833333333333334,0.6227678571428571
NOREDUCTION,158.5,25.222222222222225,4.833333333333334,0.6294642857142857
NOREDUCTION,158.5,16.77777777777778,4.833333333333334,0.5636160714285714
NOREDUCTION,158.5,21.0,6.722222222222222,0.7064732142857143
NOREDUCTION,158.5,21.0,2.9444444444444446,0.5089285714285714
NOREDUCTION,251.24074074074073,6.9259259259259265,4.413580246913581,0.33482142857142855
NOREDUCTION,252.52880658436212,6.9259259259259265,4.203703703703704,0.34375
NOREDUCTION,249.95267489711935,6.9259259259259265,4.203703703703704,0.34263392857142855
NOREDUCTION,251.24074074074073,7.082304526748972,4.203703703703704,0.33482142857142855
NOREDUCTION,251.24074074074073,6.769547325102881,4.203703703703704,0.33482142857142855
NOREDUCTION,251.24074074074073,6.9259259259259265,4.27366255144033,0.33482142857142855
NOREDUCTION,251.24074074074073,6.9259259259259265,4.133744855967079,0.33482142857142855
NOREDUCTION,247.37654320987653,6.9259259259259265,5.462962962962964,0.3314732142857143
NOREDUCTION,251.24074074074073,7.395061728395063,5.462962962962964,0.33705357142857145
NOREDUCTION,251.24074074074073,6.456790123456791,5.462962962962964,0.33370535714285715
NOREDUCTION,251.24074074074073,6.9259259259259265,5.67283950617284,0.3404017857142857
NOREDUCTION,251.24074074074073,6.9259259259259265,5.253086419753087,0.33705357142857145
NOREDUCTION,204.87037037037038,6.9259259259259265,5.462962962962964,0.34151785714285715
NOREDUCTION,204.87037037037038,6.9259259259259265,4.203703703703704,0.3872767857142857
NOREDUCTION,228.05555555555551,12.555555555555555,6.722222222222222,0.5758928571428571
NOREDUCTION,228.05555555555551,4.1111111111111125,6.722222222222222,0.35267857142857145
NOREDUCTION,228.05555555555551,4.1111111111111125,12.38888888888889,0.36160714285714285
NOREDUCTION,228.05555555555551,4.1111111111111125,8.61111111111111,0.36830357142857145
NOREDUCTION,193.2777777777778,8.333333333333334,8.61111111111111,0.45089285714285715
NOREDUCTION,123.72222222222223,8.333333333333334,8.61111111111111,0.5513392857142857
NOREDUCTION,158.5,12.555555555555555,8.61111111111111,0.6205357142857143
NOREDUCTION,158.5,4.1111111111111125,8.61111111111111,0.5569196428571429
NOREDUCTION,193.2777777777778,8.333333333333334,16.166666666666664,0.5792410714285714
NOREDUCTION,123.72222222222223,8.333333333333334,16.166666666666664,0.6328125
NOREDUCTION,158.5,12.555555555555555,16.166666666666664,0.8024553571428571
NOREDUCTION,158.5,4.1111111111111125,16.166666666666664,0.45870535714285715
NOREDUCTION,158.5,8.333333333333334,18.055555555555554,0.6294642857142857
NOREDUCTION,158.5,8.333333333333334,14.277777777777775,0.5770089285714286
NOREDUCTION,255.10493827160494,6.456790123456791,5.462962962962964,0.33482142857142855
NOREDUCTION,255.10493827160494,6.9259259259259265,5.67283950617284,0.34375
NOREDUCTION,239.6481481481481,4.1111111111111125,6.722222222222222,0.37388392857142855
NOREDUCTION,216.46296296296293,4.1111111111111125,6.722222222222222,0.36495535714285715
NOREDUCTION,228.05555555555551,5.518518518518519,6.722222222222222,0.359375
NOREDUCTION,228.05555555555551,2.7037037037037046,6.722222222222222,0.5703125
NOREDUCTION,228.05555555555551,4.1111111111111125,7.351851851851852,0.35267857142857145
NOREDUCTION,228.05555555555551,4.1111111111111125,6.092592592592593,0.36941964285714285
NOREDUCTION,262.8333333333333,12.555555555555555,6.722222222222222,0.6506696428571429
NOREDUCTION,262.8333333333333,4.1111111111111125,6.722222222222222,0.3783482142857143
NOREDUCTION,193.2777777777778,4.1111111111111125,16.166666666666664,0.39732142857142855
NOREDUCTION,123.72222222222223,4.1111111111111125,16.166666666666664,0.6104910714285714
NOREDUCTION,158.5,4.1111111111111125,18.055555555555554,0.46205357142857145
NOREDUCTION,158.5,4.1111111111111125,14.277777777777775,0.5033482142857143
NOREDUCTION,193.2777777777778,33.666666666666664,4.833333333333334,0.7198660714285714
NOREDUCTION,123.72222222222223,33.666666666666664,4.833333333333334,0.6997767857142857
NOREDUCTION,158.5,37.888888888888886,4.833333333333334,0.7042410714285714
NOREDUCTION,158.5,29.44444444444444,4.833333333333334,0.6584821428571429
NOREDUCTION,158.5,33.666666666666664,6.722222222222222,0.8002232142857143
NOREDUCTION,158.5,33.666666666666664,2.9444444444444446,0.5714285714285714
NOREDUCTION,255.10493827160494,7.395061728395063,5.67283950617284,0.34375
NOREDUCTION,247.37654320987653,7.395061728395063,5.462962962962964,0.3314732142857143
NOREDUCTION,247.37654320987653,6.456790123456791,5.462962962962964,0.3404017857142857
NOREDUCTION,247.37654320987653,6.9259259259259265,5.67283950617284,0.33816964285714285
NOREDUCTION,247.37654320987653,6.9259259259259265,5.253086419753087,0.3314732142857143
NOREDUCTION,239.6481481481481,4.1111111111111125,7.351851851851852,0.37388392857142855
NOREDUCTION,216.46296296296293,4.1111111111111125,7.351851851851852,0.36495535714285715
NOREDUCTION,228.05555555555551,5.518518518518519,7.351851851851852,0.359375
NOREDUCTION,228.05555555555551,2.7037037037037046,7.351851851851852,0.5703125
NOREDUCTION,193.2777777777778,4.1111111111111125,18.055555555555554,0.4174107142857143
NOREDUCTION,193.2777777777778,4.1111111111111125,14.277777777777775,0.42299107142857145
NOREDUCTION,193.2777777777778,21.0,2.9444444444444446,0.45535714285714285
NOREDUCTION,123.72222222222223,21.0,2.9444444444444446,0.6015625
NOREDUCTION,158.5,25.222222222222225,2.9444444444444446,0.515625
NOREDUCTION,158.5,16.77777777777778,2.9444444444444446,0.484375
NOREDUCTION,88.94444444444444,8.333333333333334,10.5,0.6183035714285714
NOREDUCTION,19.388888888888896,8.333333333333334,10.5,0.7131696428571429
NOREDUCTION,54.16666666666667,12.555555555555555,10.5,0.7098214285714286
NOREDUCTION,54.16666666666667,4.1111111111111125,10.5,0.7935267857142857
NOREDUCTION,54.16666666666667,8.333333333333334,12.38888888888889,0.6953125
NOREDUCTION,54.16666666666667,8.333333333333334,8.61111111111111,0.671875
NOREDUCTION,256.39300411522635,6.9259259259259265,5.462962962962964,0.33816964285714285
NOREDUCTION,253.81687242798355,6.9259259259259265,5.462962962962964,0.33482142857142855
NOREDUCTION,255.10493827160494,6.9259259259259265,5.532921810699589,0.34375
NOREDUCTION,247.37654320987653,7.395061728395063,5.67283950617284,0.33816964285714285
NOREDUCTION,247.37654320987653,7.395061728395063,5.253086419753087,0.3314732142857143
NOREDUCTION,239.6481481481481,8.333333333333334,4.833333333333334,0.35714285714285715
NOREDUCTION,216.46296296296293,8.333333333333334,4.833333333333334,0.3515625
NOREDUCTION,228.05555555555551,9.74074074074074,4.833333333333334,0.38839285714285715
NOREDUCTION,228.05555555555551,6.9259259259259265,4.833333333333334,0.3482142857142857
NOREDUCTION,228.05555555555551,8.333333333333334,5.462962962962964,0.359375
NOREDUCTION,228.05555555555551,8.333333333333334,4.203703703703704,0.3549107142857143
NOREDUCTION,193.2777777777778,12.555555555555555,6.722222222222222,0.5479910714285714
NOREDUCTION,193.2777777777778,4.1111111111111125,6.722222222222222,0.5055803571428571
NOREDUCTION,193.2777777777778,8.333333333333334,12.38888888888889,0.53125
NOREDUCTION,123.72222222222223,8.333333333333334,12.38888888888889,0.6037946428571429
NOREDUCTION,158.5,12.555555555555555,12.38888888888889,0.7109375
NOREDUCTION,158.5,4.1111111111111125,12.38888888888889,0.5
NOREDUCTION,88.94444444444444,8.333333333333334,16.166666666666664,0.6629464285714286
NOREDUCTION,19.388888888888896,8.333333333333334,16.166666666666664,0.6808035714285714
NOREDUCTION,54.16666666666667,12.555555555555555,16.166666666666664,0.7287946428571429
NOREDUCTION,54.16666666666667,4.1111111111111125,16.166666666666664,0.7857142857142857
NOREDUCTION,54.16666666666667,8.333333333333334,18.055555555555554,0.6953125
NOREDUCTION,54.16666666666667,8.333333333333334,14.277777777777775,0.7154017857142857
NOREDUCTION,256.39300411522635,7.395061728395063,5.462962962962964,0.33816964285714285
NOREDUCTION,253.81687242798355,7.395061728395063,5.462962962962964,0.33482142857142855
NOREDUCTION,255.10493827160494,7.551440329218108,5.462962962962964,0.36160714285714285
NOREDUCTION,255.10493827160494,7.238683127572017,5.462962962962964,0.33035714285714285
NOREDUCTION,255.10493827160494,7.395061728395063,5.532921810699589,0.34375
NOREDUCTION,255.10493827160494,7.395061728395063,5.393004115226338,0.33035714285714285
NOREDUCTION,255.10493827160494,6.9259259259259265,4.833333333333334,0.33035714285714285
NOREDUCTION,247.37654320987653,6.9259259259259265,4.833333333333334,0.3314732142857143
NOREDUCTION,251.24074074074073,7.395061728395063,4.833333333333334,0.33705357142857145
NOREDUCTION,251.24074074074073,6.456790123456791,4.833333333333334,0.33370535714285715
NOREDUCTION,251.24074074074073,6.9259259259259265,5.0432098765432105,0.33705357142857145
NOREDUCTION,251.24074074074073,6.9259259259259265,4.623456790123457,0.33705357142857145
NOREDUCTION,274.42592592592587,6.9259259259259265,5.462962962962964,0.3515625
NOREDUCTION,274.42592592592587,6.9259259259259265,4.203703703703704,0.35267857142857145
NOREDUCTION,216.46296296296293,8.333333333333334,5.462962962962964,0.3515625
NOREDUCTION,216.46296296296293,8.333333333333334,4.203703703703704,0.36160714285714285
NOREDUCTION,239.6481481481481,6.9259259259259265,4.833333333333334,0.33482142857142855
NOREDUCTION,216.46296296296293,6.9259259259259265,4.833333333333334,0.33482142857142855
NOREDUCTION,228.05555555555551,6.9259259259259265,5.462962962962964,0.3482142857142857
NOREDUCTION,228.05555555555551,6.9259259259259265,4.203703703703704,0.34151785714285715
NOREDUCTION,274.42592592592587,8.333333333333334,2.9444444444444446,0.3627232142857143
NOREDUCTION,251.24074074074073,8.333333333333334,2.9444444444444446,0.33705357142857145
NOREDUCTION,262.8333333333333,9.74074074074074,2.9444444444444446,0.3482142857142857
NOREDUCTION,262.8333333333333,6.9259259259259265,2.9444444444444446,0.35714285714285715
NOREDUCTION,262.8333333333333,8.333333333333334,3.5740740740740744,0.359375
NOREDUCTION,262.8333333333333,8.333333333333334,2.3148148148148153,0.4921875
NOREDUCTION,297.6111111111111,4.1111111111111125,12.38888888888889,0.43638392857142855
NOREDUCTION,297.6111111111111,4.1111111111111125,8.61111111111111,0.4263392857142857
NOREDUCTION,123.72222222222223,12.555555555555555,4.833333333333334,0.5680803571428571
NOREDUCTION,123.72222222222223,4.1111111111111125,4.833333333333334,0.8381696428571429
NOREDUCTION,123.72222222222223,8.333333333333334,6.722222222222222,0.5457589285714286
NOREDUCTION,123.72222222222223,8.333333333333334,2.9444444444444446,0.671875
NOREDUCTION,297.6111111111111,8.333333333333334,16.166666666666664,0.8694196428571429
NOREDUCTION,228.05555555555551,8.333333333333334,16.166666666666664,0.6149553571428571
NOREDUCTION,262.8333333333333,12.555555555555555,16.166666666666664,0.9397321428571429
NOREDUCTION,262.8333333333333,4.1111111111111125,16.166666666666664,0.40066964285714285
NOREDUCTION,262.8333333333333,8.333333333333334,18.055555555555554,0.7522321428571429
NOREDUCTION,262.8333333333333,8.333333333333334,14.277777777777775,0.6640625
NOREDUCTION,255.10493827160494,6.9259259259259265,5.462962962962964,0.33035714285714285
NOREDUCTION,255.10493827160494,7.395061728395063,4.833333333333334,0.33035714285714285
NOREDUCTION,255.10493827160494,6.456790123456791,4.833333333333334,0.33482142857142855
NOREDUCTION,255.10493827160494,6.9259259259259265,5.0432098765432105,0.33035714285714285
NOREDUCTION,255.10493827160494,6.9259259259259265,4.623456790123457,0.33035714285714285
NOREDUCTION,251.24074074074073,9.74074074074074,2.9444444444444446,0.33816964285714285
NOREDUCTION,251.24074074074073,6.9259259259259265,2.9444444444444446,0.35714285714285715
NOREDUCTION,251.24074074074073,8.333333333333334,3.5740740740740744,0.34375
NOREDUCTION,251.24074074074073,8.333333333333334,2.3148148148148153,0.5725446428571429
NOREDUCTION,297.6111111111111,4.1111111111111125,16.166666666666664,0.4720982142857143
NOREDUCTION,228.05555555555551,4.1111111111111125,16.166666666666664,0.36607142857142855
NOREDUCTION,262.8333333333333,4.1111111111111125,18.055555555555554,0.39285714285714285
NOREDUCTION,262.8333333333333,4.1111111111111125,14.277777777777775,0.36941964285714285
NOREDUCTION,88.94444444444444,21.0,4.833333333333334,0.6595982142857143
NOREDUCTION,19.388888888888896,21.0,4.833333333333334,1.0
NOREDUCTION,54.16666666666667,25.222222222222225,4.833333333333334,0.7310267857142857
NOREDUCTION,54.16666666666667,16.77777777777778,4.833333333333334,0.7142857142857143
NOREDUCTION,54.16666666666667,21.0,6.722222222222222,0.7254464285714286
NOREDUCTION,54.16666666666667,21.0,2.9444444444444446,0.7243303571428571
NOREDUCTION,255.10493827160494,7.395061728395063,5.253086419753087,0.33035714285714285
NOREDUCTION,255.10493827160494,7.395061728395063,5.0432098765432105,0.33035714285714285
NOREDUCTION,255.10493827160494,7.395061728395063,4.623456790123457,0.33035714285714285
NOREDUCTION,239.6481481481481,6.9259259259259265,5.462962962962964,0.33482142857142855
NOREDUCTION,239.6481481481481,6.9259259259259265,4.203703703703704,0.33705357142857145
NOREDUCTION,228.05555555555551,4.1111111111111125,18.055555555555554,0.36495535714285715
NOREDUCTION,228.05555555555551,4.1111111111111125,14.277777777777775,0.36160714285714285
NOREDUCTION,88.94444444444444,21.0,10.5,0.75
NOREDUCTION,19.388888888888896,21.0,10.5,1.0
NOREDUCTION,54.16666666666667,25.222222222222225,10.5,0.7678571428571429
NOREDUCTION,54.16666666666667,16.77777777777778,10.5,0.7399553571428571
NOREDUCTION,54.16666666666667,21.0,12.38888888888889,0.7522321428571429
NOREDUCTION,54.16666666666667,21.0,8.61111111111111,0.7198660714285714
NOREDUCTION,255.10493827160494,7.395061728395063,5.462962962962964,0.33035714285714285
NOREDUCTION,256.39300411522635,6.9259259259259265,5.253086419753087,0.33816964285714285
NOREDUCTION,253.81687242798355,6.9259259259259265,5.253086419753087,0.33482142857142855
NOREDUCTION,255.10493827160494,7.082304526748972,5.253086419753087,0.33035714285714285
NOREDUCTION,255.10493827160494,6.769547325102881,5.253086419753087,0.33035714285714285
NOREDUCTION,255.10493827160494,6.9259259259259265,5.323045267489713,0.33035714285714285
NOREDUCTION,255.10493827160494,6.9259259259259265,5.183127572016462,0.33035714285714285
NOREDUCTION,251.24074074074073,6.456790123456791,5.67283950617284,0.3359375
NOREDUCTION,251.24074074074073,6.456790123456791,5.253086419753087,0.33370535714285715
NOREDUCTION,251.24074074074073,6.456790123456791,5.0432098765432105,0.33370535714285715
NOREDUCTION,251.24074074074073,6.456790123456791,4.623456790123457,0.33370535714285715
NOREDUCTION,247.37654320987653,7.395061728395063,4.833333333333334,0.3314732142857143
NOREDUCTION,247.37654320987653,6.456790123456791,4.833333333333334,0.3404017857142857
NOREDUCTION,247.37654320987653,6.9259259259259265,5.0432098765432105,0.3314732142857143
NOREDUCTION,247.37654320987653,6.9259259259259265,4.623456790123457,0.3314732142857143
NOREDUCTION,216.46296296296293,6.9259259259259265,5.462962962962964,0.33482142857142855
NOREDUCTION,216.46296296296293,6.9259259259259265,4.203703703703704,0.36941964285714285
NOREDUCTION,239.6481481481481,4.1111111111111125,12.38888888888889,0.3627232142857143
NOREDUCTION,216.46296296296293,4.1111111111111125,12.38888888888889,0.3705357142857143
NOREDUCTION,228.05555555555551,5.518518518518519,12.38888888888889,0.40066964285714285
NOREDUCTION,228.05555555555551,2.7037037037037046,12.38888888888889,0.5223214285714286
NOREDUCTION,228.05555555555551,4.1111111111111125,13.018518518518519,0.3549107142857143
NOREDUCTION,228.05555555555551,4.1111111111111125,11.759259259259261,0.36160714285714285
NOREDUCTION,239.6481481481481,4.1111111111111125,14.277777777777775,0.36049107142857145
NOREDUCTION,216.46296296296293,4.1111111111111125,14.277777777777775,0.3515625
NOREDUCTION,228.05555555555551,5.518518518518519,14.277777777777775,0.41294642857142855
NOREDUCTION,228.05555555555551,2.7037037037037046,14.277777777777775,0.5279017857142857
NOREDUCTION,228.05555555555551,4.1111111111111125,14.907407407407405,0.36607142857142855
NOREDUCTION,228.05555555555551,4.1111111111111125,13.648148148148147,0.36160714285714285
NOREDUCTION,193.2777777777778,12.555555555555555,8.61111111111111,0.6462053571428571
NOREDUCTION,193.2777777777778,4.1111111111111125,8.61111111111111,0.43526785714285715
NOREDUCTION,193.2777777777778,33.666666666666664,2.9444444444444446,0.578125
NOREDUCTION,123.72222222222223,33.666666666666664,2.9444444444444446,0.6651785714285714
NOREDUCTION,158.5,37.888888888888886,2.9444444444444446,0.6026785714285714
NOREDUCTION,158.5,29.44444444444444,2.9444444444444446,0.5647321428571429
NOREDUCTION,297.6111111111111,21.0,4.833333333333334,0.8359375
NOREDUCTION,228.05555555555551,21.0,4.833333333333334,0.6383928571428571
NOREDUCTION,262.8333333333333,25.222222222222225,4.833333333333334,0.7879464285714286
NOREDUCTION,262.8333333333333,16.77777777777778,4.833333333333334,0.6238839285714286
NOREDUCTION,262.8333333333333,21.0,6.722222222222222,0.8515625
NOREDUCTION,262.8333333333333,21.0,2.9444444444444446,0.48995535714285715
NOREDUCTION,255.10493827160494,7.082304526748972,5.462962962962964,0.33035714285714285
NOREDUCTION,256.39300411522635,7.395061728395063,5.253086419753087,0.33816964285714285
NOREDUCTION,253.81687242798355,7.395061728395063,5.253086419753087,0.33482142857142855
NOREDUCTION,255.10493827160494,7.551440329218108,5.253086419753087,0.36160714285714285
NOREDUCTION,255.10493827160494,7.238683127572017,5.253086419753087,0.33035714285714285
NOREDUCTION,255.10493827160494,7.395061728395063,5.323045267489713,0.33035714285714285
NOREDUCTION,255.10493827160494,7.395061728395063,5.183127572016462,0.33035714285714285
NOREDUCTION,247.37654320987653,7.395061728395063,5.0432098765432105,0.3314732142857143
NOREDUCTION,247.37654320987653,7.395061728395063,4.623456790123457,0.3314732142857143
NOREDUCTION,243.5123456790123,6.9259259259259265,4.833333333333334,0.3325892857142857
NOREDUCTION,235.78395061728386,6.9259259259259265,4.833333333333334,0.34486607142857145
NOREDUCTION,239.6481481481481,7.395061728395063,4.833333333333334,0.33482142857142855
NOREDUCTION,239.6481481481481,6.456790123456791,4.833333333333334,0.3671875
NOREDUCTION,239.6481481481481,6.9259259259259265,5.0432098765432105,0.33482142857142855
NOREDUCTION,239.6481481481481,6.9259259259259265,4.623456790123457,0.33482142857142855
NOREDUCTION,220.32716049382717,6.9259259259259265,5.462962962962964,0.33705357142857145
NOREDUCTION,212.59876543209873,6.9259259259259265,5.462962962962964,0.33705357142857145
NOREDUCTION,216.46296296296293,7.395061728395063,5.462962962962964,0.33482142857142855
NOREDUCTION,216.46296296296293,6.456790123456791,5.462962962962964,0.34933035714285715
NOREDUCTION,216.46296296296293,6.9259259259259265,5.67283950617284,0.34933035714285715
NOREDUCTION,216.46296296296293,6.9259259259259265,5.253086419753087,0.33482142857142855
NOREDUCTION,251.24074074074073,9.74074074074074,3.5740740740740744,0.3671875
NOREDUCTION,251.24074074074073,9.74074074074074,2.3148148148148153,0.46763392857142855
NOREDUCTION,216.46296296296293,5.518518518518519,14.277777777777775,0.4107142857142857
NOREDUCTION,216.46296296296293,2.7037037037037046,14.277777777777775,0.5078125
NOREDUCTION,216.46296296296293,4.1111111111111125,14.907407407407405,0.37611607142857145
NOREDUCTION,216.46296296296293,4.1111111111111125,13.648148148148147,0.3515625
NOREDUCTION,297.6111111111111,21.0,2.9444444444444446,0.6116071428571429
NOREDUCTION,228.05555555555551,21.0,2.9444444444444446,0.46651785714285715
NOREDUCTION,262.8333333333333,25.222222222222225,2.9444444444444446,0.5491071428571429
NOREDUCTION,262.8333333333333,16.77777777777778,2.9444444444444446,0.4419642857142857
NOREDUCTION,88.94444444444444,8.333333333333334,4.833333333333334,0.6696428571428571
NOREDUCTION,19.388888888888896,8.333333333333334,4.833333333333334,0.7979910714285714
NOREDUCTION,54.16666666666667,12.555555555555555,4.833333333333334,0.6986607142857143
NOREDUCTION,54.16666666666667,4.1111111111111125,4.833333333333334,0.8828125
NOREDUCTION,54.16666666666667,8.333333333333334,6.722222222222222,0.6930803571428571
NOREDUCTION,54.16666666666667,8.333333333333334,2.9444444444444446,0.8158482142857143
NOREDUCTION,255.10493827160494,6.769547325102881,5.462962962962964,0.33035714285714285
NOREDUCTION,256.39300411522635,6.9259259259259265,4.833333333333334,0.33816964285714285
NOREDUCTION,253.81687242798355,6.9259259259259265,4.833333333333334,0.33482142857142855
NOREDUCTION,255.10493827160494,7.082304526748972,4.833333333333334,0.33035714285714285
NOREDUCTION,255.10493827160494,6.769547325102881,4.833333333333334,0.33035714285714285
NOREDUCTION,255.10493827160494,6.9259259259259265,4.9032921810699595,0.33035714285714285
NOREDUCTION,255.10493827160494,6.9259259259259265,4.763374485596708,0.33035714285714285
NOREDUCTION,243.5123456790123,7.395061728395063,4.833333333333334,0.3325892857142857
NOREDUCTION,243.5123456790123,6.456790123456791,4.833333333333334,0.3671875
NOREDUCTION,243.5123456790123,6.9259259259259265,5.0432098765432105,0.3325892857142857
NOREDUCTION,243.5123456790123,6.9259259259259265,4.623456790123457,0.3325892857142857
NOREDUCTION,239.6481481481481,4.1111111111111125,13.018518518518519,0.3705357142857143
NOREDUCTION,216.46296296296293,4.1111111111111125,13.018518518518519,0.3549107142857143
NOREDUCTION,228.05555555555551,5.518518518518519,13.018518518518519,0.38950892857142855
NOREDUCTION,228.05555555555551,2.7037037037037046,13.018518518518519,0.5044642857142857
NOREDUCTION,239.6481481481481,4.1111111111111125,18.055555555555554,0.37276785714285715
NOREDUCTION,216.46296296296293,4.1111111111111125,18.055555555555554,0.3638392857142857
NOREDUCTION,228.05555555555551,5.518518518518519,18.055555555555554,0.4453125
NOREDUCTION,228.05555555555551,2.7037037037037046,18.055555555555554,0.46875
NOREDUCTION,228.05555555555551,4.1111111111111125,18.685185185185183,0.36495535714285715
NOREDUCTION,228.05555555555551,4.1111111111111125,17.425925925925927,0.38169642857142855
NOREDUCTION,297.6111111111111,16.77777777777778,2.9444444444444446,0.5491071428571429
NOREDUCTION,228.05555555555551,16.77777777777778,2.9444444444444446,0.41964285714285715
NOREDUCTION,88.94444444444444,33.666666666666664,4.833333333333334,0.7209821428571429
NOREDUCTION,19.388888888888896,33.666666666666664,4.833333333333334,1.0
NOREDUCTION,54.16666666666667,37.888888888888886,4.833333333333334,0.7410714285714286
NOREDUCTION,54.16666666666667,29.44444444444444,4.833333333333334,0.7254464285714286
NOREDUCTION,54.16666666666667,33.666666666666664,6.722222222222222,0.7410714285714286
NOREDUCTION,54.16666666666667,33.666666666666664,2.9444444444444446,0.7421875
NOREDUCTION,255.10493827160494,6.9259259259259265,5.393004115226338,0.33035714285714285
NOREDUCTION,256.39300411522635,7.395061728395063,4.833333333333334,0.33816964285714285
NOREDUCTION,253.81687242798355,7.395061728395063,4.833333333333334,0.33482142857142855
NOREDUCTION,255.10493827160494,7.551440329218108,4.833333333333334,0.36160714285714285
NOREDUCTION,255.10493827160494,7.238683127572017,4.833333333333334,0.33035714285714285
NOREDUCTION,255.10493827160494,7.395061728395063,4.9032921810699595,0.33035714285714285
NOREDUCTION,255.10493827160494,7.395061728395063,4.763374485596708,0.33035714285714285
NOREDUCTION,243.5123456790123,6.9259259259259265,5.462962962962964,0.3325892857142857
NOREDUCTION,235.78395061728386,6.9259259259259265,5.462962962962964,0.34486607142857145
NOREDUCTION,239.6481481481481,7.395061728395063,5.462962962962964,0.33482142857142855
NOREDUCTION,239.6481481481481,6.456790123456791,5.462962962962964,0.3671875
NOREDUCTION,239.6481481481481,6.9259259259259265,5.67283950617284,0.34375
NOREDUCTION,239.6481481481481,6.9259259259259265,5.253086419753087,0.33482142857142855
NOREDUCTION,262.8333333333333,9.74074074074074,3.5740740740740744,0.36049107142857145
NOREDUCTION,262.8333333333333,9.74074074074074,2.3148148148148153,0.46316964285714285
NOREDUCTION,239.6481481481481,4.1111111111111125,16.166666666666664,0.359375
NOREDUCTION,216.46296296296293,4.1111111111111125,16.166666666666664,0.375
NOREDUCTION,228.05555555555551,5.518518518518519,16.166666666666664,0.43191964285714285
NOREDUCTION,228.05555555555551,2.7037037037037046,16.166666666666664,0.48660714285714285
NOREDUCTION,228.05555555555551,4.1111111111111125,16.796296296296294,0.38169642857142855
NOREDUCTION,228.05555555555551,4.1111111111111125,15.537037037037036,0.36607142857142855
NOREDUCTION,193.2777777777778,25.222222222222225,2.9444444444444446,0.5178571428571429
NOREDUCTION,193.2777777777778,16.77777777777778,2.9444444444444446,0.4453125
NOREDUCTION,88.94444444444444,12.555555555555555,10.5,0.6875
NOREDUCTION,88.94444444444444,4.1111111111111125,10.5,0.7522321428571429
NOREDUCTION,88.94444444444444,8.333333333333334,12.38888888888889,0.6015625
NOREDUCTION,88.94444444444444,8.333333333333334,8.61111111111111,0.6026785714285714
NOREDUCTION,88.94444444444444,21.0,16.166666666666664,0.7991071428571429
NOREDUCTION,19.388888888888896,21.0,16.166666666666664,1.0
NOREDUCTION,54.16666666666667,25.222222222222225,16.166666666666664,0.7879464285714286
NOREDUCTION,54.16666666666667,16.77777777777778,16.166666666666664,0.7488839285714286
NOREDUCTION,54.16666666666667,21.0,18.055555555555554,0.7723214285714286
NOREDUCTION,54.16666666666667,21.0,14.277777777777775,0.7477678571428571
NOREDUCTION,255.10493827160494,6.9259259259259265,5.253086419753087,0.33035714285714285
